# 3ds Max Wavefront OBJ Exporter v0.97b - (c)2007 guruware
# File Created: 12.12.2016 13:29:03

mtllib Man-03.mtl

#
# object Box01
#

v  0.0094 0.9118 0.1490
v  0.0765 0.9184 0.1496
v  0.0889 0.9285 0.1753
v  -0.0057 0.9136 0.1634
v  0.1501 0.9281 0.1366
v  0.1686 0.9402 0.1466
v  0.1449 1.1603 0.1270
v  0.0777 1.1544 0.1476
v  0.0021 1.2148 0.1472
v  0.0974 1.2415 0.1625
v  -0.0070 1.2666 0.1596
v  0.1642 1.2322 0.1327
v  0.1924 1.2797 0.1509
v  0.1688 0.9204 0.0851
v  0.2070 0.9337 0.0778
v  0.1654 0.9166 -0.0038
v  0.1789 1.1706 0.0708
v  0.1931 1.3478 0.0750
v  0.1598 1.4391 0.0831
v  0.1845 1.3821 0.1530
v  0.1102 1.4946 0.0431
v  0.0866 1.4924 0.0734
v  0.1165 1.4733 0.1130
v  0.1389 1.4465 0.1704
v  -0.0117 1.4316 0.0480
v  0.0077 1.4338 0.1007
v  0.0629 1.4777 0.1085
v  0.0427 1.4693 0.0693
v  0.0267 1.4663 0.0582
v  -0.0015 1.4522 0.0342
v  0.0637 1.5011 0.0631
v  0.0611 1.4912 0.0612
v  0.0004 1.4468 0.0354
v  0.0910 1.5155 0.0370
v  0.0996 1.5179 -0.0052
v  0.0928 1.4283 0.2077
v  0.0427 1.3961 0.2161
v  0.0594 1.3212 0.2716
v  0.1046 1.3554 0.2497
v  -0.0091 1.3516 0.1586
v  0.0164 1.3232 0.2039
v  0.0385 1.2575 0.1809
v  0.0683 1.2181 0.1957
v  0.0683 1.1988 0.2626
v  0.1178 1.2289 0.1763
v  0.1847 1.2564 0.1831
v  0.1241 1.2582 0.2903
v  0.1693 1.2529 0.2685
v  0.0858 1.2338 0.2938
v  0.0923 0.9584 0.3825
v  0.1236 0.9606 0.3912
v  0.1702 1.0459 0.3473
v  0.1680 1.0279 0.2769
v  0.1136 0.9280 0.3248
v  0.1911 1.1270 0.2708
v  0.1729 0.9650 0.3461
v  0.1497 0.9551 0.3879
v  0.0811 0.9378 0.3363
v  0.1469 0.9344 0.3331
v  0.1564 0.9448 0.3625
v  0.0765 0.9524 0.3596
v  -0.0157 0.9030 0.0727
v  -0.0305 0.9064 0.1103
v  -0.0544 0.9148 0.1202
v  -0.0371 1.1343 0.1078
v  -0.0727 1.2081 0.0767
v  -0.0559 1.3566 0.0728
v  -0.0282 0.8950 -0.0044
v  -0.0344 0.8983 0.0412
v  -0.1019 0.9048 -0.0104
v  -0.0427 0.9006 -0.0555
v  -0.0667 1.1198 0.0238
v  -0.0637 1.3592 -0.0027
v  -0.0134 1.4365 0.0136
v  -0.0088 1.4343 -0.0084
v  0.0280 0.9140 -0.1247
v  -0.0041 0.9149 -0.1769
v  0.0922 0.9272 -0.1897
v  0.0756 0.9127 -0.1455
v  0.1804 0.9395 -0.1656
v  0.1384 0.9286 -0.1262
v  0.0845 1.2108 -0.1665
v  -0.0593 1.2873 -0.1399
v  0.1380 1.1622 -0.1373
v  0.1036 1.2421 -0.1753
v  0.0433 1.2525 -0.1947
v  0.1957 1.2795 -0.1594
v  0.1658 1.2309 -0.1380
v  0.2074 0.9309 -0.1029
v  0.1652 0.9233 -0.0955
v  0.1743 1.1728 -0.0778
v  0.1900 1.2613 -0.0764
v  0.1931 1.3478 -0.0905
v  0.1810 1.3835 -0.1641
v  0.1570 1.4426 -0.0931
v  0.1197 1.4756 -0.1325
v  0.0879 1.4877 -0.0925
v  -0.0035 1.4516 -0.0510
v  0.0444 1.4718 -0.0882
v  0.0671 1.4715 -0.1336
v  0.0326 1.4265 -0.1803
v  0.0337 1.4729 -0.0697
v  -0.0000 1.4437 -0.0558
v  0.0336 1.4658 -0.0719
v  0.0664 1.4841 -0.0783
v  0.0685 1.4933 -0.0767
v  0.0920 1.5150 -0.0499
v  0.1508 1.4180 -0.2053
v  0.0984 1.4260 -0.2245
v  0.1139 1.3620 -0.2616
v  0.0659 1.3253 -0.2813
v  0.0442 1.3890 -0.2392
v  0.0184 1.3161 -0.2246
v  -0.0131 1.3540 -0.1822
v  0.0526 1.2649 -0.2509
v  0.0709 1.2174 -0.2139
v  0.1777 1.0414 -0.3629
v  0.1391 1.1429 -0.3369
v  0.0979 1.0524 -0.3604
v  0.0729 1.1282 -0.3082
v  0.1646 1.0230 -0.2907
v  0.0788 1.0306 -0.3052
v  0.1839 1.0291 -0.3228
v  0.0846 0.9557 -0.3920
v  0.1146 0.9532 -0.4050
v  0.0667 0.9755 -0.3583
v  0.0742 0.9599 -0.3326
v  0.1126 0.9532 -0.3202
v  0.1536 0.9531 -0.3232
v  0.1415 0.9476 -0.3982
v  0.0737 0.9494 -0.3736
v  0.0799 0.9385 -0.3553
v  0.1095 0.9291 -0.3446
v  0.1443 0.9320 -0.3458
v  0.1553 0.9375 -0.3699
v  -0.0791 0.9167 -0.0866
v  -0.0310 0.9112 -0.1212
v  -0.0426 0.9116 -0.0863
v  -0.0095 1.4404 -0.0287
v  -0.0226 0.2243 0.0788
v  0.0001 0.2242 0.0627
v  -0.0021 0.0744 0.0689
v  -0.0244 0.0741 0.0864
v  -0.0292 0.3612 0.1133
v  -0.0190 0.3611 0.0845
v  -0.0349 0.1015 0.1103
v  -0.0016 0.4297 0.0652
v  0.0077 0.1012 0.1563
v  -0.0199 0.1015 0.1338
v  -0.0492 0.5474 0.1109
v  0.0354 0.3608 0.1738
v  -0.0441 0.6313 0.1379
v  -0.0483 0.8806 0.0528
v  -0.0274 0.7937 0.0341
v  -0.0310 0.8351 0.0150
v  0.0650 0.4272 0.1802
v  0.0387 0.0990 0.1701
v  0.0707 0.0954 0.1679
v  0.1065 0.0657 0.1618
v  0.0989 0.2201 0.1700
v  0.1372 0.0673 0.1495
v  0.1247 0.4267 0.1552
v  0.1043 0.6364 0.1644
v  0.1523 0.6304 0.1253
v  0.1347 0.7179 0.1466
v  0.0651 0.7211 0.1727
v  0.1428 0.8427 0.1558
v  0.1568 0.2242 0.1137
v  0.1496 0.0703 0.1364
v  0.1499 0.3602 0.1121
v  0.1495 0.0747 0.0912
v  0.1536 0.0736 0.1151
v  0.1476 0.3594 0.0875
v  0.1426 0.4254 0.1096
v  0.1340 0.4709 0.1314
v  0.1390 0.4254 0.0945
v  0.1250 0.4255 0.0777
v  0.1388 0.4683 0.0952
v  0.1747 0.7901 0.0997
v  0.1629 0.7903 0.1268
v  0.1643 0.6236 0.0716
v  0.1677 0.7119 0.0609
v  0.1485 0.6207 0.0445
v  0.1489 0.7944 0.0200
v  0.1704 0.7900 0.0582
v  0.1738 0.8434 0.1260
v  0.1993 0.8925 0.0787
v  0.1741 0.8437 0.0170
v  0.1904 0.8915 0.0003
v  0.0671 0.3607 0.0468
v  0.0294 0.0746 0.0641
v  0.0340 0.3603 0.0500
v  0.0670 0.4278 0.0520
v  0.0981 0.4695 0.0624
v  0.0614 0.4716 0.0485
v  0.0226 0.4739 0.0472
v  0.0565 0.5373 0.0342
v  0.0190 0.7797 0.0181
v  0.1073 0.7784 0.0094
v  0.1927 0.9537 -0.0044
v  0.1936 0.9541 -0.0001
v  0.1057 0.8015 0.0055
v  0.1413 0.8125 0.0073
v  0.0655 0.8016 0.0070
v  0.0676 0.8013 0.0050
v  0.1069 0.8017 0.0037
v  0.1425 0.8126 0.0032
v  0.0261 0.8019 0.0111
v  -0.0099 0.8099 0.0140
v  -0.0038 0.8100 0.0061
v  0.0251 0.8020 -0.0018
v  -0.0411 0.8795 0.0129
v  -0.0281 0.8359 0.0055
v  -0.0166 0.9475 0.1345
v  0.1384 0.5362 0.0657
v  0.0677 0.0739 0.0628
v  0.1051 0.0741 0.0630
v  0.1352 0.0746 0.0720
v  0.0707 0.0674 0.1653
v  0.0393 0.0706 0.1608
v  0.0113 0.0735 0.1514
v  -0.0135 0.0743 0.1339
v  -0.0288 0.0740 0.1083
v  -0.0448 0.9454 0.0697
v  -0.0450 0.9461 0.0410
v  -0.0452 0.9461 0.0215
v  -0.0340 0.9470 0.1033
v  0.0654 0.9507 0.1533
v  0.0167 0.9486 0.1517
v  0.1545 0.9528 0.1290
v  0.1150 0.9515 0.1461
v  0.1978 0.9545 0.0626
v  0.1837 0.9541 0.0977
v  0.1980 0.9535 0.0341
v  -0.0444 0.9454 0.0097
v  -0.0439 0.9455 0.0031
v  -0.0051 0.1015 -0.0528
v  -0.0017 0.4298 -0.0511
v  -0.0175 0.3611 -0.0695
v  -0.0269 0.1013 -0.0749
v  -0.0290 0.3610 -0.0953
v  -0.0361 0.1019 -0.0991
v  -0.0189 0.3606 -0.1263
v  -0.0182 0.1016 -0.1262
v  -0.0235 0.5442 -0.0485
v  -0.0334 0.4770 -0.0781
v  -0.0490 0.5465 -0.1038
v  -0.0270 0.4776 -0.1306
v  0.0336 0.4291 -0.1667
v  0.0631 0.3594 -0.1683
v  -0.0267 0.7924 -0.0176
v  -0.0471 0.8363 -0.0481
v  -0.0531 0.6285 -0.0680
v  -0.0573 0.6299 -0.0991
v  -0.0443 0.9458 -0.0691
v  -0.0211 0.9476 -0.1339
v  -0.0144 0.7184 -0.1491
v  0.0116 0.0738 -0.1411
v  0.0386 0.0701 -0.1519
v  0.1060 0.0661 -0.1482
v  0.0677 0.0957 -0.1597
v  0.1239 0.4261 -0.1461
v  0.1494 0.2212 -0.1232
v  0.1007 0.4743 -0.1583
v  0.1323 0.0950 -0.1364
v  0.0594 0.7910 -0.1648
v  0.0158 0.9490 -0.1511
v  0.0648 0.9505 -0.1535
v  0.1127 0.8893 -0.1603
v  0.1522 0.8914 -0.1471
v  0.1568 0.7163 -0.1161
v  0.1508 0.0977 -0.1227
v  0.1506 0.3598 -0.0970
v  0.1567 0.2239 -0.0994
v  0.1541 0.0731 -0.1046
v  0.1496 0.0742 -0.0824
v  0.1464 0.3598 -0.0756
v  0.1297 0.3599 -0.0575
v  0.1309 0.1022 -0.0602
v  0.1357 0.4714 -0.1191
v  0.1360 0.4691 -0.0852
v  0.1883 0.8444 -0.0863
v  0.1692 0.7142 -0.0908
v  0.1822 0.8922 -0.1132
v  0.1710 0.7898 -0.0477
v  0.1620 0.6230 -0.0592
v  0.1455 0.7942 -0.0053
v  0.1506 0.6204 -0.0305
v  0.1990 0.8930 -0.0742
v  0.1759 0.8432 -0.0123
v  0.1011 0.2241 -0.0437
v  0.1045 0.0744 -0.0548
v  0.0279 0.1016 -0.0453
v  0.0611 0.4713 -0.0346
v  0.0564 0.7081 -0.0060
v  0.1063 0.7778 -0.0009
v  0.0172 0.7789 -0.0078
v  0.1929 0.9528 -0.0085
v  0.1961 0.9539 -0.0175
v  0.0662 0.8013 0.0008
v  -0.0102 0.8099 -0.0049
v  -0.0308 0.8351 -0.0043
v  -0.0419 0.8798 -0.0039
v  -0.0017 0.0745 -0.0620
v  0.0293 0.0745 -0.0522
v  0.0671 0.0748 -0.0514
v  0.1351 0.0746 -0.0631
v  0.1499 0.0701 -0.1231
v  0.1358 0.0671 -0.1410
v  0.0694 0.0666 -0.1523
v  -0.0130 0.0740 -0.1210
v  -0.0295 0.0739 -0.1009
v  -0.0243 0.0739 -0.0785
v  -0.0458 0.9458 -0.0397
v  -0.0458 0.9457 -0.0169
v  -0.0399 0.9465 -0.1039
v  0.1151 0.9515 -0.1515
v  0.1596 0.9536 -0.1353
v  0.1839 0.9541 -0.1058
v  0.1967 0.9542 -0.0661
v  0.1986 0.9536 -0.0354
v  -0.0453 0.9452 -0.0049
v  0.0770 0.8966 0.3810
v  0.0734 0.8862 0.3726
v  0.0742 0.8440 0.3797
v  0.0711 0.9021 0.3757
v  0.0878 0.8725 0.3528
v  0.0555 0.8432 0.3583
v  0.0541 0.8477 0.3503
v  0.0651 0.8464 0.3553
v  0.0594 0.8486 0.3652
v  0.0484 0.8499 0.3602
v  0.1544 0.8446 0.3937
v  0.1555 0.9072 0.3902
v  0.1162 0.9165 0.3933
v  0.0996 0.9046 0.3869
v  0.1171 0.9707 0.3678
v  0.0878 0.9463 0.3620
v  0.0847 0.9282 0.3716
v  0.1141 0.8104 0.3982
v  0.1171 0.9257 0.3870
v  0.1118 0.9257 0.3881
v  0.1217 0.9327 0.3881
v  0.1567 0.8962 0.3617
v  0.1507 0.9618 0.3438
v  0.1500 0.9655 0.3534
v  0.1386 0.8992 0.3584
v  0.1225 0.9635 0.3321
v  0.1154 0.9403 0.3371
v  0.1503 0.8226 0.3702
v  0.0991 0.9081 0.3398
v  0.1523 0.8609 0.3639
v  0.0689 0.8781 0.3407
v  0.0681 0.8978 0.3379
v  0.0800 0.8784 0.3483
v  0.0748 0.8840 0.3621
v  0.0663 0.9059 0.3690
v  0.0641 0.9046 0.3578
v  0.0529 0.8668 0.3477
v  0.0598 0.8619 0.3445
v  0.0670 0.8576 0.3470
v  0.0933 0.9711 0.3543
v  0.0916 0.9686 0.3428
v  0.0911 0.9391 0.3383
v  0.0944 0.9655 0.3319
v  0.1066 0.9702 0.3632
v  0.0993 0.9710 0.3603
v  0.1121 0.9703 0.3658
v  0.1295 0.9708 0.3690
v  0.1228 0.9708 0.3690
v  0.1454 0.9696 0.3630
v  0.1378 0.9709 0.3676
v  0.1394 0.9631 0.3368
v  0.1466 0.9618 0.3391
v  0.1307 0.9636 0.3345
v  0.1107 0.9630 0.3281
v  0.1167 0.9631 0.3298
v  0.1020 0.9637 0.3279
v  0.0766 0.9329 0.3643
v  0.0780 0.9345 0.3580
v  0.0771 0.8329 0.3755
v  0.0898 0.7969 0.3778
v  0.1038 0.7933 0.3899
v  0.1201 0.8014 0.3738
v  0.1576 0.8676 0.3660
v  0.1506 0.8151 0.3829
v  0.1280 0.7903 0.3855
v  0.1350 0.8051 0.3944
v  0.0731 0.8990 -0.3925
v  0.0703 0.8465 -0.3913
v  0.0695 0.8886 -0.3841
v  0.0672 0.9046 -0.3872
v  0.0838 0.8747 -0.3644
v  0.0516 0.8455 -0.3700
v  0.0612 0.8487 -0.3670
v  0.0502 0.8500 -0.3620
v  0.0555 0.8510 -0.3769
v  0.0445 0.8523 -0.3718
v  0.1397 0.8795 -0.4133
v  0.1123 0.9190 -0.4047
v  0.1178 0.9352 -0.3994
v  0.0957 0.9071 -0.3983
v  0.0840 0.9487 -0.3733
v  0.1132 0.9731 -0.3789
v  0.0808 0.9306 -0.3830
v  0.0987 0.7930 -0.4025
v  0.1079 0.9282 -0.3995
v  0.1132 0.9282 -0.3983
v  0.1557 0.9219 -0.3716
v  0.1053 0.9275 -0.3510
v  0.1394 0.8083 -0.3860
v  0.1186 0.9657 -0.3433
v  0.0953 0.9103 -0.3512
v  0.0650 0.8804 -0.3523
v  0.0642 0.9000 -0.3494
v  0.0761 0.8807 -0.3599
v  0.0709 0.8864 -0.3736
v  0.0624 0.9084 -0.3804
v  0.0602 0.9070 -0.3693
v  0.0491 0.8691 -0.3593
v  0.0559 0.8642 -0.3561
v  0.0632 0.8599 -0.3587
v  0.0894 0.9734 -0.3655
v  0.0872 0.9414 -0.3496
v  0.0877 0.9709 -0.3539
v  0.0905 0.9678 -0.3431
v  0.1027 0.9725 -0.3744
v  0.0955 0.9734 -0.3714
v  0.1083 0.9727 -0.3769
v  0.1256 0.9732 -0.3802
v  0.1189 0.9732 -0.3801
v  0.1339 0.9733 -0.3787
v  0.1415 0.9719 -0.3741
v  0.1468 0.9641 -0.3550
v  0.1461 0.9678 -0.3646
v  0.1355 0.9653 -0.3480
v  0.1427 0.9640 -0.3503
v  0.1268 0.9658 -0.3457
v  0.1068 0.9652 -0.3393
v  0.1128 0.9653 -0.3409
v  0.0981 0.9659 -0.3391
v  0.0727 0.9353 -0.3756
v  0.0741 0.9368 -0.3693
v  0.0853 0.7978 -0.3900
v  0.0733 0.8353 -0.3872
v  0.1121 0.7941 -0.3881
v  0.1403 0.8018 -0.3986
v  0.1194 0.7816 -0.4001
v  0.0230 1.5092 0.0329
v  0.0150 1.5056 0.0238
v  0.0129 1.4836 0.0161
v  0.0182 1.4870 0.0267
v  0.0636 1.5058 0.0472
v  0.0473 1.4824 0.0383
v  0.0233 1.5089 -0.0532
v  0.0184 1.4868 -0.0469
v  0.0131 1.4835 -0.0363
v  0.0153 1.5054 -0.0441
v  0.0650 1.4861 -0.0674
v  0.0001 1.4723 0.0061
v  -0.0023 1.4702 -0.0101
v  0.0030 1.4468 -0.0100
v  0.1078 1.4970 0.0091
v  0.1106 1.4858 -0.0143
v  0.0993 1.5154 -0.0270
v  0.0870 1.5466 0.0253
v  0.0830 1.4977 0.0443
v  0.0068 1.4471 -0.0003
v  0.0069 1.4471 -0.0196
v  0.1329 1.4591 -0.0538
v  0.0971 1.5002 -0.0486
v  0.0747 1.5528 -0.0578
v  0.0002 1.4722 -0.0263
v  0.0835 1.4973 -0.0640
v  0.0569 1.5343 -0.0680
v  0.0646 1.4865 0.0476
v  0.0087 1.4495 0.0131
v  0.0146 1.4299 0.0154
v  0.0148 1.4297 -0.0351
v  0.0089 1.4493 -0.0330
v  0.0095 1.4205 -0.0098
v  0.0032 1.4232 0.0009
v  0.0052 1.4242 0.0120
v  0.0266 1.4321 0.0522
v  0.1084 1.4765 0.0676
v  0.1326 1.4594 0.0345
v  0.0671 1.4653 0.0852
v  0.0033 1.4231 -0.0206
v  0.0677 1.4644 -0.1049
v  0.0053 1.4240 -0.0317
v  0.1088 1.4758 -0.0871
v  0.0007 1.4183 -0.0098
v  -0.0452 1.6070 0.0297
v  -0.0492 1.6101 0.0268
v  -0.0466 1.6103 0.0248
v  -0.0452 1.6073 0.0265
v  -0.0438 1.6064 0.0286
v  -0.0506 1.6052 0.0174
v  -0.0517 1.6052 0.0174
v  -0.0491 1.5978 0.0231
v  -0.0511 1.5933 0.0172
v  -0.0478 1.6045 0.0263
v  -0.0505 1.6057 0.0132
v  -0.0520 1.6069 0.0095
v  -0.0533 1.6048 0.0034
v  -0.0480 1.6073 0.0072
v  -0.0500 1.6073 0.0060
v  -0.0656 1.6180 -0.0109
v  -0.0636 1.6143 -0.0064
v  -0.0653 1.6234 -0.0081
v  -0.0661 1.6236 -0.0109
v  -0.0487 1.6112 0.0269
v  -0.0515 1.6128 0.0229
v  -0.0443 1.6076 0.0305
v  -0.0525 1.6032 -0.0004
v  -0.0484 1.5833 0.0265
v  -0.0769 1.5765 -0.0015
v  -0.0814 1.5714 -0.0072
v  -0.0703 1.5746 0.0036
v  -0.0830 1.5767 -0.0041
v  -0.0813 1.5822 -0.0063
v  -0.0628 1.5679 0.0013
v  -0.0596 1.5696 0.0043
v  -0.0591 1.5591 0.0109
v  -0.0610 1.6158 0.0051
v  -0.0520 1.6138 0.0068
v  -0.0535 1.6160 0.0106
v  -0.0522 1.6110 0.0040
v  -0.0447 1.6074 0.0316
v  -0.0492 1.6113 0.0308
v  -0.0535 1.6163 0.0271
v  -0.0613 1.6180 0.0117
v  -0.0519 1.6069 0.0034
v  -0.0633 1.6214 0.0113
v  -0.0428 1.5859 0.0357
v  -0.0419 1.6053 0.0301
v  -0.0653 1.5687 -0.0045
v  -0.0814 1.5714 -0.0142
v  -0.0763 1.5737 -0.0186
v  -0.0652 1.5687 -0.0168
v  -0.0703 1.5745 -0.0250
v  -0.0627 1.5678 -0.0227
v  -0.0666 1.5688 -0.0138
v  -0.0663 1.5679 -0.0106
v  -0.0666 1.5688 -0.0075
v  -0.0577 1.5880 0.0041
v  -0.0763 1.5876 -0.0067
v  -0.0653 1.6285 -0.0110
v  -0.0366 1.6059 0.0391
v  -0.0414 1.6054 0.0318
v  -0.0365 1.6025 0.0391
v  -0.0522 1.6109 -0.0257
v  -0.0534 1.6158 -0.0323
v  -0.0535 1.6131 -0.0350
v  -0.0532 1.6078 -0.0233
v  -0.0493 1.6132 -0.0352
v  -0.0478 1.6097 -0.0284
v  -0.0510 1.6073 -0.0249
v  -0.0479 1.6070 -0.0289
v  -0.0500 1.6071 -0.0276
v  -0.0519 1.6075 -0.0247
v  -0.0447 1.6071 -0.0487
v  -0.0450 1.6073 -0.0479
v  -0.0464 1.6100 -0.0465
v  -0.0447 1.6068 -0.0487
v  -0.0450 1.6070 -0.0481
v  -0.0455 1.6066 -0.0485
v  -0.0504 1.6050 -0.0391
v  -0.0478 1.6057 -0.0466
v  -0.0516 1.6049 -0.0391
v  -0.0519 1.6055 -0.0348
v  -0.0534 1.6138 -0.0397
v  -0.0532 1.6128 -0.0395
v  -0.0514 1.6125 -0.0446
v  -0.0516 1.6114 -0.0448
v  -0.0485 1.6109 -0.0485
v  -0.0490 1.6098 -0.0485
v  -0.0532 1.6047 -0.0251
v  -0.0526 1.6039 -0.0227
v  -0.0530 1.6071 -0.0216
v  -0.0532 1.6062 -0.0238
v  -0.0519 1.6067 -0.0250
v  -0.0521 1.5821 -0.0383
v  -0.0593 1.5782 -0.0259
v  -0.0546 1.6040 -0.0193
v  -0.0519 1.5992 -0.0388
v  -0.0534 1.6084 -0.0202
v  -0.0595 1.5694 -0.0256
v  -0.0768 1.5764 -0.0200
v  -0.0813 1.5822 -0.0153
v  -0.0840 1.5767 -0.0158
v  -0.0772 1.5885 -0.0108
v  -0.0550 1.5611 -0.0371
v  -0.0542 1.6133 -0.0399
v  -0.0521 1.6115 -0.0450
v  -0.0491 1.6100 -0.0492
v  -0.0589 1.5589 -0.0321
v  -0.0660 1.6238 -0.0055
v  -0.0655 1.6290 -0.0045
v  -0.0481 1.6116 -0.0434
v  -0.0436 1.6075 -0.0552
v  -0.0527 1.6128 -0.0472
v  -0.0363 1.6054 -0.0606
v  -0.0151 1.5966 0.0546
v  -0.0474 1.6179 0.0363
v  -0.0403 1.5871 -0.0597
v  -0.0503 1.6131 0.0176
v  -0.0510 1.6070 -0.0249
v  -0.0635 1.6156 -0.0217
v  -0.0632 1.6212 -0.0332
v  -0.0574 1.6174 -0.0412
v  -0.0621 1.6376 0.0087
v  -0.0533 1.6159 -0.0489
v  -0.0472 1.6175 -0.0580
v  -0.0442 1.6695 -0.0434
v  -0.0425 1.6061 0.0317
v  -0.0425 1.6062 0.0310
v  -0.0470 1.5983 0.0266
v  0.0008 1.6138 -0.0749
v  -0.0763 1.5876 -0.0149
v  -0.0636 1.6142 -0.0153
v  -0.0635 1.6142 -0.0109
v  -0.0534 1.6095 -0.0206
v  -0.0550 1.6100 -0.0201
v  -0.0581 1.6147 -0.0275
v  -0.0577 1.6105 -0.0199
v  -0.0535 1.6115 0.0024
v  -0.0550 1.6101 -0.0016
v  -0.0534 1.6096 -0.0010
v  -0.0607 1.6117 -0.0022
v  -0.0577 1.6105 -0.0018
v  -0.0549 1.6092 -0.0195
v  -0.0634 1.6103 -0.0160
v  -0.0606 1.6097 -0.0036
v  -0.0592 1.6098 -0.0033
v  -0.0651 1.6063 -0.0065
v  -0.0622 1.6068 -0.0047
v  -0.0664 1.6060 -0.0109
v  -0.0530 1.6081 -0.0215
v  -0.0534 1.6072 -0.0014
v  -0.0630 1.6117 -0.0054
v  -0.0550 1.6093 -0.0022
v  -0.0576 1.6077 -0.0032
v  0.0057 1.5172 0.0295
v  -0.0205 1.4996 -0.0102
v  -0.0007 1.5138 -0.0456
v  -0.0645 1.5485 -0.0048
v  -0.0608 1.5475 0.0009
v  -0.0624 1.5475 0.0030
v  -0.0666 1.5497 -0.0023
v  -0.0550 1.5465 0.0126
v  -0.0586 1.5478 0.0099
v  -0.0552 1.5464 0.0059
v  -0.0529 1.5468 0.0108
v  -0.0709 1.5533 -0.0106
v  -0.0710 1.5558 -0.0157
v  -0.0688 1.5491 -0.0106
v  -0.0711 1.5558 -0.0056
v  -0.0647 1.5499 0.0051
v  -0.0626 1.5484 -0.0082
v  -0.0600 1.5483 -0.0005
v  -0.0549 1.5480 0.0054
v  -0.0512 1.5475 0.0098
v  -0.0507 1.5466 0.0097
v  -0.0569 1.5493 0.0142
v  -0.0532 1.5467 0.0071
v  -0.0550 1.5463 0.0089
v  -0.0657 1.5462 -0.0031
v  -0.0620 1.5489 -0.0042
v  -0.0641 1.5474 -0.0106
v  -0.0677 1.5451 -0.0106
v  -0.0357 1.5401 0.0277
v  -0.0439 1.5385 0.0261
v  -0.0436 1.5234 0.0203
v  -0.0012 1.5312 0.0437
v  -0.0572 1.5101 0.0083
v  -0.0510 1.5050 0.0070
v  -0.0658 1.5172 -0.0010
v  -0.0599 1.5178 0.0079
v  -0.0622 1.5327 -0.0022
v  -0.0606 1.5423 0.0061
v  -0.0677 1.5397 -0.0013
v  -0.0516 1.5263 0.0134
v  -0.0607 1.5469 0.0040
v  -0.0686 1.5394 -0.0105
v  -0.0618 1.5343 -0.0105
v  -0.0557 1.5445 0.0143
v  -0.0586 1.5489 0.0017
v  -0.0633 1.5088 -0.0008
v  -0.0542 1.5412 0.0174
v  -0.0561 1.5455 0.0104
v  -0.0488 1.5449 0.0112
v  -0.0560 1.5478 0.0002
v  -0.0596 1.5467 -0.0106
v  -0.0620 1.5488 -0.0169
v  -0.0559 1.5380 0.0128
v  0.0284 1.5391 0.0413
v  -0.0500 1.5492 0.0120
v  -0.0403 1.5591 0.0314
v  -0.0572 1.5041 -0.0018
v  -0.0426 1.6728 0.0222
v  -0.0308 1.6832 0.0243
v  -0.0456 1.6882 -0.0112
v  0.0551 1.6446 0.0599
v  -0.0623 1.5474 -0.0241
v  -0.0607 1.5474 -0.0220
v  -0.0549 1.5463 -0.0337
v  -0.0528 1.5466 -0.0319
v  -0.0551 1.5463 -0.0270
v  -0.0585 1.5476 -0.0310
v  -0.0646 1.5497 -0.0263
v  -0.0599 1.5482 -0.0207
v  -0.0549 1.5478 -0.0265
v  -0.0506 1.5464 -0.0308
v  -0.0511 1.5473 -0.0308
v  -0.0567 1.5490 -0.0353
v  -0.0499 1.5490 -0.0331
v  -0.0560 1.5453 -0.0315
v  -0.0549 1.5461 -0.0299
v  -0.0657 1.5461 -0.0181
v  -0.0355 1.5397 -0.0486
v  -0.0178 1.5341 -0.0610
v  -0.0434 1.5231 -0.0411
v  -0.0437 1.5382 -0.0470
v  -0.0571 1.5100 -0.0291
v  -0.0509 1.5048 -0.0276
v  -0.0622 1.5326 -0.0188
v  -0.0598 1.5176 -0.0288
v  -0.0657 1.5171 -0.0199
v  -0.0497 1.5392 -0.0434
v  -0.0606 1.5468 -0.0251
v  -0.0677 1.5396 -0.0198
v  -0.0555 1.5442 -0.0354
v  -0.0586 1.5488 -0.0228
v  -0.0633 1.5087 -0.0200
v  -0.0540 1.5409 -0.0385
v  -0.0557 1.5377 -0.0338
v  -0.0531 1.5466 -0.0282
v  -0.0559 1.5477 -0.0213
v  -0.0522 1.5511 -0.0429
v  -0.0401 1.5587 -0.0525
v  -0.0487 1.5447 -0.0323
v  -0.0571 1.5040 -0.0189
v  -0.0306 1.6828 -0.0466
v  0.0677 1.6037 -0.0724
v  0.0237 1.5623 0.0507
v  -0.0053 1.6583 0.0524
v  -0.0050 1.6577 -0.0743
v  0.0287 1.5610 0.0492
v  0.0236 1.6638 -0.0796
v  0.0286 1.5386 -0.0619
v  -0.0010 1.5307 -0.0644
v  0.0952 1.5433 -0.0277
v  0.0133 1.5241 -0.0555
v  -0.0479 1.6096 0.0067
v  -0.0479 1.6098 0.0067
v  -0.0484 1.6111 0.0097
v  -0.0145 1.7022 -0.0647
v  -0.0301 1.7206 -0.0480
v  0.0579 1.7285 -0.0262
v  -0.0394 1.6778 0.0470
v  0.0312 1.7049 0.0529
v  0.1205 1.6640 0.0329
v  0.1039 1.6678 -0.0799
v  0.0709 1.6679 -0.0955
v  -0.0222 1.6918 -0.0722
v  -0.0435 1.7053 -0.0538
v  -0.0286 1.6881 -0.0652
v  -0.0479 1.6891 -0.0532
v  -0.0609 1.6900 -0.0000
v  -0.0464 1.6559 0.0511
v  -0.0032 1.6454 0.0698
v  0.0286 1.6827 0.0661
v  0.0773 1.6674 0.0735
v  0.0598 1.6085 0.0741
v  0.0970 1.5335 -0.0373
v  0.1183 1.5606 -0.0140
v  0.1065 1.5326 -0.0150
v  0.0724 1.5685 -0.0735
v  -0.0091 1.6466 -0.0772
v  0.0335 1.6191 -0.0904
v  0.0008 1.5947 -0.0727
v  0.0390 1.6201 0.0678
v  0.0302 1.6155 0.0641
v  0.0574 1.5312 0.0319
v  0.1015 1.5318 0.0107
v  0.0717 1.5720 0.0551
v  -0.0274 1.6739 -0.0435
v  -0.0307 1.6725 -0.0459
v  -0.0362 1.6692 -0.0424
v  -0.0454 1.6668 -0.0237
v  -0.0488 1.6618 0.0005
v  -0.0364 1.6508 0.0208
v  -0.0201 1.6397 0.0364
v  -0.0094 1.6339 0.0613
v  0.0024 1.6129 0.0571
v  -0.0116 1.6341 0.0466
v  -0.0067 1.6296 0.0518
v  0.0775 1.5245 -0.0118
v  0.0601 1.5291 -0.0336
v  0.0411 1.5412 -0.0509
v  0.0430 1.5670 -0.0612
v  0.0493 1.5953 -0.0648
v  0.0004 1.6052 -0.0650
v  -0.0088 1.6316 -0.0570
v  -0.0191 1.6578 -0.0485
v  0.0092 1.5790 -0.0696
v  0.0186 1.5817 -0.0740
v  0.0170 1.5818 -0.0686
v  -0.0015 1.6215 0.0527
v  0.0059 1.6150 0.0519
v  0.0219 1.5985 0.0568
v  0.0152 1.5983 0.0595
v  0.0132 1.5961 0.0558
v  0.0056 1.5984 0.0553
v  0.0511 1.5990 0.0508
v  0.0534 1.5642 0.0445
v  0.0710 1.5216 0.0116
v  -0.0244 1.6704 -0.0442
v  -0.0274 1.6827 -0.0683
v  -0.0256 1.6869 -0.0739
v  0.0034 1.5850 -0.0687
v  0.0326 1.6191 -0.0599
v  0.0243 1.6017 -0.0637
v  0.0025 1.5917 -0.0680
v  0.0434 1.6148 -0.0624
v  0.0535 1.6187 -0.0908
v  0.0424 1.6140 0.0526
v  0.0330 1.6150 0.0591
v  0.0302 1.6169 0.0521
v  0.0067 1.6045 0.0593
v  0.0172 1.6153 0.0517
v  -0.0485 1.6178 0.0075
v  -0.0506 1.6095 0.0067
v  -0.0515 1.6095 0.0154
v  -0.0493 1.6178 0.0150
v  -0.0479 1.6095 0.0233
v  -0.0462 1.6178 0.0218
v  -0.0408 1.6095 0.0283
v  -0.0377 1.6095 -0.0039
v  -0.0374 1.6011 -0.0017
v  -0.0442 1.6011 0.0014
v  -0.0456 1.6095 -0.0003
v  -0.0485 1.6011 0.0075
v  -0.0493 1.6011 0.0150
v  -0.0462 1.6011 0.0218
v  -0.0400 1.6011 0.0262
v  -0.0363 1.5950 0.0043
v  -0.0403 1.5950 0.0061
v  -0.0428 1.5950 0.0097
v  -0.0432 1.5950 0.0140
v  -0.0414 1.5950 0.0179
v  -0.0379 1.5950 0.0204
v  -0.0524 1.6107 0.0142
v  -0.0521 1.6070 0.0163
v  -0.0504 1.6122 0.0190
v  -0.0511 1.6133 0.0139
v  -0.0515 1.6087 0.0113
v  -0.0510 1.6048 0.0148
v  -0.0503 1.6069 0.0195
v  -0.0517 1.6123 0.0158
v  -0.0496 1.6158 0.0155
v  -0.0500 1.6152 0.0127
v  -0.0519 1.6120 0.0144
v  -0.0504 1.6135 0.0103
v  -0.0521 1.6111 0.0132
v  -0.0506 1.6110 0.0089
v  -0.0522 1.6099 0.0125
v  -0.0506 1.6081 0.0086
v  -0.0522 1.6084 0.0124
v  -0.0505 1.6053 0.0095
v  -0.0522 1.6071 0.0128
v  -0.0502 1.6031 0.0114
v  -0.0520 1.6060 0.0138
v  -0.0498 1.6019 0.0141
v  -0.0518 1.6054 0.0151
v  -0.0494 1.6019 0.0170
v  -0.0516 1.6054 0.0165
v  -0.0491 1.6031 0.0196
v  -0.0515 1.6060 0.0178
v  -0.0488 1.6053 0.0215
v  -0.0513 1.6071 0.0188
v  -0.0487 1.6081 0.0224
v  -0.0513 1.6084 0.0192
v  -0.0487 1.6110 0.0221
v  -0.0513 1.6099 0.0191
v  -0.0489 1.6135 0.0207
v  -0.0514 1.6111 0.0184
v  -0.0515 1.6120 0.0172
v  -0.0492 1.6152 0.0183
v  -0.0429 1.5982 -0.0462
v  -0.0458 1.5982 -0.0393
v  -0.0481 1.6066 -0.0397
v  -0.0446 1.6066 -0.0476
v  -0.0449 1.5982 -0.0319
v  -0.0470 1.6066 -0.0311
v  -0.0418 1.6066 -0.0241
v  -0.0291 1.6066 -0.0539
v  -0.0377 1.6066 -0.0528
v  -0.0369 1.6150 -0.0507
v  -0.0294 1.6150 -0.0516
v  -0.0429 1.6150 -0.0462
v  -0.0458 1.6150 -0.0393
v  -0.0449 1.6150 -0.0319
v  -0.0404 1.6150 -0.0259
v  -0.0346 1.6211 -0.0451
v  -0.0303 1.6211 -0.0456
v  -0.0381 1.6211 -0.0425
v  -0.0398 1.6211 -0.0385
v  -0.0392 1.6211 -0.0342
v  -0.0367 1.6211 -0.0307
v  -0.0484 1.6050 -0.0375
v  -0.0484 1.6053 -0.0389
v  -0.0461 1.6020 -0.0402
v  -0.0463 1.6013 -0.0373
v  -0.0483 1.6061 -0.0401
v  -0.0460 1.6037 -0.0425
v  -0.0482 1.6074 -0.0408
v  -0.0459 1.6062 -0.0440
v  -0.0482 1.6087 -0.0409
v  -0.0459 1.6091 -0.0443
v  -0.0483 1.6101 -0.0405
v  -0.0460 1.6119 -0.0434
v  -0.0483 1.6112 -0.0395
v  -0.0461 1.6141 -0.0415
v  -0.0484 1.6118 -0.0382
v  -0.0462 1.6153 -0.0388
v  -0.0485 1.6118 -0.0367
v  -0.0464 1.6153 -0.0359
v  -0.0486 1.6112 -0.0354
v  -0.0466 1.6141 -0.0332
v  -0.0486 1.6101 -0.0344
v  -0.0467 1.6119 -0.0313
v  -0.0486 1.6087 -0.0340
v  -0.0467 1.6091 -0.0304
v  -0.0486 1.6074 -0.0342
v  -0.0467 1.6062 -0.0307
v  -0.0486 1.6061 -0.0349
v  -0.0466 1.6037 -0.0321
v  -0.0485 1.6053 -0.0361
v  -0.0465 1.6020 -0.0345
v  -0.0492 1.6088 -0.0375
v  -0.0488 1.6090 -0.0397
v  -0.0488 1.6067 -0.0384
v  -0.0489 1.6109 -0.0379
v  -0.0490 1.6099 -0.0356
v  -0.0490 1.6073 -0.0358
v  -0.0474 1.6047 -0.0392
v  -0.0475 1.6043 -0.0374
v  -0.0473 1.6058 -0.0407
v  -0.0473 1.6074 -0.0417
v  -0.0473 1.6092 -0.0418
v  -0.0473 1.6110 -0.0413
v  -0.0474 1.6124 -0.0400
v  -0.0475 1.6131 -0.0383
v  -0.0476 1.6131 -0.0365
v  -0.0477 1.6124 -0.0348
v  -0.0478 1.6110 -0.0335
v  -0.0478 1.6092 -0.0330
v  -0.0478 1.6074 -0.0332
v  -0.0477 1.6058 -0.0341
v  -0.0476 1.6047 -0.0356
v  -0.0133 0.0009 0.1644
v  -0.0790 -0.0073 0.1449
v  -0.1164 -0.0083 0.1103
v  -0.0178 -0.0002 0.0499
v  0.0733 0.0116 0.0634
v  0.0772 -0.0025 0.1375
v  0.1025 -0.0072 0.0764
v  0.1388 -0.0018 0.1030
v  0.1018 -0.0090 0.1319
v  -0.0943 0.0393 0.0731
v  -0.1125 0.0366 0.1103
v  -0.0774 0.0399 0.1420
v  0.0131 0.0713 0.0696
v  0.0149 0.0712 0.1354
v  -0.1265 -0.0028 0.1113
v  -0.1232 0.0252 0.0824
v  -0.1285 -0.0026 0.0797
v  -0.1053 -0.0029 0.1409
v  0.0432 0.0740 0.1431
v  0.1055 0.0055 0.1440
v  0.1309 0.0140 0.1353
v  -0.0767 -0.0014 0.1574
v  0.1303 0.0139 0.0791
v  0.1045 0.0320 0.0703
v  0.0685 0.0940 0.0733
v  0.1143 0.0990 0.0889
v  -0.0560 0.0290 0.0515
v  -0.0961 0.0259 0.0617
v  -0.0995 -0.0038 0.0574
v  0.1022 -0.0018 0.0671
v  0.1156 0.1123 0.1088
v  0.1106 0.1117 0.1240
v  0.1304 -0.0009 0.0782
v  0.0319 0.1031 0.1165
v  0.0246 0.1025 0.0976
v  0.0278 0.1030 0.0813
v  0.0681 0.1070 0.1346
v  0.0472 0.1048 0.1290
v  0.0920 0.1096 0.1327
v  0.1084 0.1117 0.0935
v  0.0671 0.1070 0.0790
v  0.0904 0.1096 0.0841
v  0.0441 0.1047 0.0766
v  0.1293 -0.0030 0.1286
v  0.1034 -0.0029 0.1425
v  -0.0133 0.0009 -0.1620
v  -0.0178 0.0008 -0.0475
v  -0.1164 -0.0082 -0.1079
v  -0.0790 -0.0072 -0.1425
v  0.0772 -0.0025 -0.1352
v  0.0733 0.0116 -0.0610
v  0.1025 -0.0072 -0.0740
v  0.1018 -0.0090 -0.1295
v  0.1388 -0.0018 -0.1006
v  -0.0943 0.0402 -0.0707
v  0.0131 0.0714 -0.0672
v  -0.0774 0.0400 -0.1396
v  -0.1125 0.0367 -0.1079
v  0.0149 0.0712 -0.1331
v  0.0069 0.0755 -0.0990
v  -0.1265 -0.0028 -0.1089
v  -0.1285 -0.0023 -0.0773
v  -0.1232 0.0254 -0.0800
v  -0.1053 -0.0029 -0.1385
v  0.0432 0.0740 -0.1408
v  0.1309 0.0140 -0.1329
v  0.1055 0.0055 -0.1417
v  -0.0736 0.0274 -0.1510
v  -0.0767 -0.0014 -0.1550
v  -0.0560 0.0305 -0.0491
v  -0.0961 0.0269 -0.0593
v  -0.0995 -0.0028 -0.0551
v  0.0984 0.0799 -0.0716
v  0.1304 -0.0009 -0.0758
v  0.1143 0.0990 -0.0865
v  0.1022 -0.0018 -0.0647
v  0.1106 0.1117 -0.1216
v  0.1156 0.1123 -0.1064
v  0.0265 0.0896 -0.1215
v  0.0319 0.1031 -0.1141
v  0.0246 0.1025 -0.0953
v  0.0278 0.1030 -0.0790
v  0.0681 0.1070 -0.1322
v  0.0472 0.1048 -0.1266
v  0.0920 0.1096 -0.1304
v  0.1084 0.1117 -0.0911
v  0.0671 0.1070 -0.0766
v  0.0904 0.1096 -0.0817
v  0.0441 0.1047 -0.0742
v  0.1293 -0.0030 -0.1263
v  0.1034 -0.0029 -0.1401
# 1053 vertices

vn 0.0735 -0.9754 0.2080
vn 0.1434 -0.9376 0.3168
vn 0.1611 -0.4968 0.8528
vn -0.2973 -0.5718 0.7647
vn 0.2888 -0.8368 0.4650
vn 0.6036 -0.3719 0.7053
vn 0.6017 -0.0347 0.7979
vn 0.1269 -0.0102 0.9919
vn -0.2469 -0.1767 0.9528
vn 0.1011 -0.9363 0.3364
vn -0.5442 -0.1477 0.8258
vn 0.7258 -0.3232 0.6072
vn 0.9504 -0.3107 0.0104
vn 0.3527 -0.9208 0.1667
vn 0.8507 -0.4784 0.2179
vn 0.4650 -0.8838 -0.0511
vn 0.9732 -0.0191 0.2294
vn 0.9822 0.1546 0.1062
vn 0.8436 0.5324 0.0701
vn 0.9479 0.2878 0.1369
vn 0.6043 0.7489 0.2720
vn -0.0153 0.8075 0.5897
vn 0.3327 0.9046 0.2664
vn 0.5007 0.7340 0.4588
vn -0.7806 0.5826 0.2264
vn -0.7061 0.6226 0.3373
vn -0.2384 0.9580 0.1596
vn -0.5310 0.7091 0.4640
vn -0.5904 0.4987 0.6346
vn -0.5823 0.8043 -0.1184
vn -0.2042 0.7048 0.6793
vn -0.0626 0.2047 -0.9768
vn 0.6331 0.0485 -0.7725
vn 0.5632 0.7429 0.3617
vn 0.7407 0.6717 0.0112
vn 0.0010 0.7148 0.6994
vn -0.6177 0.4822 0.6212
vn -0.5571 0.2135 0.8025
vn 0.3060 0.4521 0.8378
vn -0.7370 0.2925 0.6094
vn -0.8563 -0.0571 0.5133
vn -0.6360 -0.6726 0.3784
vn -0.6523 -0.4828 -0.5843
vn -0.9727 -0.0599 0.2241
vn 0.0701 -0.5111 -0.8567
vn 0.8236 -0.3688 -0.4308
vn 0.1739 0.3824 0.9075
vn 0.7226 0.3115 0.6172
vn -0.5058 0.1761 0.8445
vn -0.5814 0.2598 0.7710
vn -0.0347 0.3210 0.9465
vn 0.7327 0.1900 0.6535
vn 0.5747 -0.4148 -0.7055
vn -0.0902 -0.4956 -0.8639
vn 0.9992 -0.0405 0.0062
vn 0.9472 -0.3174 0.0450
vn 0.6025 0.1068 0.7909
vn -0.7729 -0.3027 -0.5577
vn 0.5760 -0.5857 -0.5702
vn 0.8341 -0.5083 0.2144
vn -0.9788 0.0460 0.1996
vn -0.1095 -0.9820 0.1537
vn -0.2802 -0.9573 0.0706
vn -0.7133 -0.5088 0.4820
vn -0.8334 -0.0309 0.5518
vn -0.9522 -0.0502 0.3014
vn -0.9043 0.3178 0.2851
vn -0.1314 -0.9913 -0.0027
vn -0.1591 -0.9786 0.1302
vn -0.8123 -0.5828 0.0230
vn -0.1703 -0.9658 -0.1954
vn -0.9841 0.0432 0.1724
vn -0.9463 0.3201 -0.0448
vn -0.8361 0.5480 -0.0253
vn -0.8072 0.5902 0.0127
vn 0.0441 -0.9925 -0.1144
vn -0.3150 -0.6261 -0.7133
vn 0.1192 -0.5333 -0.8375
vn -0.0327 -0.9540 -0.2981
vn 0.5967 -0.4384 -0.6721
vn 0.1855 -0.9783 -0.0927
vn 0.0750 -0.0945 -0.9927
vn -0.8493 0.0719 -0.5229
vn 0.6701 0.0194 -0.7420
vn -0.0932 -0.9921 -0.0841
vn -0.6362 -0.7688 -0.0655
vn 0.9821 -0.1838 0.0420
vn 0.7703 -0.4276 -0.4730
vn 0.7983 -0.5665 -0.2046
vn 0.1731 -0.9738 -0.1475
vn 0.9612 -0.0049 -0.2757
vn 0.9795 -0.1219 -0.1604
vn 0.9778 0.1761 -0.1132
vn 0.9484 0.2617 -0.1792
vn 0.8261 0.5554 -0.0955
vn 0.3731 0.9011 -0.2207
vn 0.0263 0.8706 -0.4914
vn -0.7858 0.6102 0.1009
vn -0.4794 0.8070 -0.3448
vn -0.2794 0.9124 -0.2991
vn -0.5982 0.6505 -0.4679
vn -0.2617 0.6857 0.6792
vn 0.5461 -0.2460 0.8008
vn 0.4718 -0.2657 0.8407
vn 0.3181 -0.2280 0.9202
vn -0.2657 0.8688 -0.4177
vn 0.5240 0.7851 -0.3303
vn 0.6654 0.5580 -0.4959
vn 0.0132 0.7302 -0.6831
vn 0.3097 0.4195 -0.8533
vn -0.4623 0.2387 -0.8540
vn -0.5884 0.4567 -0.6672
vn -0.8170 -0.1388 -0.5597
vn -0.7802 0.2614 -0.5683
vn -0.9340 -0.1947 -0.2994
vn -0.7325 -0.4971 0.4651
vn 0.7486 0.1063 -0.6545
vn 0.1547 0.3548 -0.9221
vn -0.4485 0.2991 -0.8422
vn -0.9607 0.0301 -0.2759
vn 0.4193 -0.4315 0.7988
vn -0.6916 -0.2424 0.6803
vn 0.9729 -0.2123 0.0918
vn -0.6050 0.2831 -0.7442
vn -0.0383 0.3228 -0.9457
vn -0.9807 0.0210 -0.1945
vn -0.7356 -0.3998 0.5469
vn -0.1450 -0.5324 0.8340
vn 0.5431 -0.5769 0.6101
vn 0.6249 0.0977 -0.7746
vn -0.9668 -0.1333 -0.2182
vn -0.7510 -0.5584 0.3523
vn -0.1673 -0.7135 0.6804
vn 0.4733 -0.7264 0.4983
vn 0.9506 -0.2544 -0.1778
vn -0.7151 -0.5582 -0.4209
vn -0.1561 -0.9796 -0.1265
vn -0.1347 -0.9753 -0.1751
vn -0.8105 0.5756 0.1082
vn -0.8072 0.0180 -0.5901
vn -0.3878 -0.0146 -0.9216
vn -0.4003 -0.0358 -0.9157
vn -0.8272 -0.0739 -0.5570
vn -0.9702 -0.0453 0.2380
vn -0.8482 -0.0127 -0.5295
vn -0.9904 -0.0836 0.1102
vn -0.6153 -0.0485 -0.7868
vn -0.5264 -0.0901 0.8455
vn -0.7487 -0.0770 0.6585
vn -0.9927 -0.0973 -0.0712
vn -0.4302 -0.0189 0.9025
vn -0.7706 0.0232 0.6369
vn -0.9975 -0.0440 -0.0555
vn -0.6989 -0.2127 -0.6828
vn -0.8876 -0.3307 -0.3206
vn 0.0485 0.0256 0.9985
vn -0.1749 -0.1546 0.9724
vn 0.0557 -0.0897 0.9944
vn 0.2513 -0.0475 0.9668
vn 0.4041 0.0022 0.9147
vn 0.5725 0.0264 0.8195
vn 0.6837 0.0135 0.7296
vn 0.3888 -0.0106 0.9213
vn 0.8606 -0.0512 0.5066
vn 0.5329 -0.0439 0.8450
vn -0.0314 0.0188 0.9993
vn 0.4378 0.0360 0.8983
vn 0.9725 0.0348 0.2301
vn 0.8601 0.0347 0.5089
vn 0.9694 0.0393 0.2421
vn 0.9176 -0.0113 -0.3974
vn 0.9996 -0.0206 0.0183
vn 0.8331 0.0687 -0.5488
vn 0.9953 0.0928 -0.0288
vn 0.9788 -0.0461 0.1993
vn 0.8955 0.0763 -0.4385
vn 0.6664 0.0933 -0.7398
vn 0.9365 -0.0701 -0.3435
vn 0.9785 -0.1340 0.1568
vn 0.8535 -0.1331 0.5037
vn 0.9826 -0.1152 -0.1453
vn 0.9647 -0.0876 -0.2485
vn 0.6115 -0.1791 -0.7707
vn 0.5827 -0.2850 -0.7611
vn 0.9526 -0.1394 -0.2704
vn 0.8227 -0.0510 0.5661
vn 0.9800 -0.0813 0.1818
vn 0.8941 -0.4261 -0.1383
vn 0.9818 -0.1896 0.0111
vn 0.1579 0.0129 -0.9874
vn -0.0973 -0.0465 -0.9942
vn -0.2188 -0.0098 -0.9757
vn 0.1582 0.0197 -0.9872
vn 0.4544 -0.0958 -0.8856
vn 0.1865 -0.1271 -0.9742
vn -0.2457 -0.1119 -0.9629
vn 0.0665 -0.1541 -0.9858
vn -0.2155 -0.1991 -0.9560
vn 0.1230 -0.1449 -0.9818
vn 0.9960 -0.0424 -0.0787
vn 0.9853 -0.0511 -0.1631
vn 0.1435 -0.7497 -0.6460
vn 0.4967 -0.7555 -0.4273
vn -0.0737 -0.8301 -0.5527
vn -0.0032 -0.9978 0.0664
vn 0.1629 -0.7408 0.6517
vn 0.5311 -0.6562 0.5360
vn -0.1560 -0.7648 -0.6252
vn -0.4859 -0.5776 -0.6560
vn -0.4145 -0.9093 -0.0376
vn -0.1555 -0.7463 0.6472
vn -0.9867 -0.1471 -0.0696
vn -0.8757 -0.4829 0.0012
vn -0.6706 0.0389 0.7408
vn 0.6338 -0.2431 -0.7343
vn -0.0136 -0.0559 -0.9983
vn 0.1587 -0.0350 -0.9867
vn 0.5753 -0.0055 -0.8179
vn -0.0237 -0.0900 0.9957
vn -0.1900 -0.2590 0.9470
vn -0.4688 -0.2341 0.8517
vn -0.7209 -0.1868 0.6674
vn -0.9620 -0.2185 0.1639
vn -0.9865 0.0532 0.1550
vn -0.9986 0.0517 0.0094
vn -0.9987 0.0266 -0.0430
vn -0.9171 0.0723 0.3921
vn 0.0435 0.0969 0.9943
vn -0.2784 0.0292 0.9600
vn 0.5894 0.1410 0.7954
vn 0.2507 0.1497 0.9564
vn 0.9840 0.0664 0.1652
vn 0.8382 0.1035 0.5354
vn 0.9962 -0.0311 -0.0813
vn -0.9954 -0.0330 -0.0903
vn -0.9974 -0.0498 0.0525
vn -0.4875 -0.1543 0.8594
vn -0.4617 -0.0693 0.8843
vn -0.8397 -0.0138 0.5429
vn -0.8259 -0.0892 0.5567
vn -0.9975 -0.0381 0.0596
vn -0.9904 -0.0858 -0.1086
vn -0.7601 -0.0561 -0.6473
vn -0.6747 -0.0890 -0.7327
vn -0.5883 -0.1180 0.8000
vn -0.8803 -0.1276 0.4569
vn -0.9775 -0.1008 -0.1851
vn -0.7165 -0.0602 -0.6950
vn -0.2527 -0.0357 -0.9669
vn -0.0086 -0.0492 -0.9988
vn -0.6499 -0.1917 0.7354
vn -0.9789 -0.0531 0.1972
vn -0.8864 -0.0591 0.4592
vn -0.9614 -0.0273 -0.2737
vn -0.9964 0.0348 -0.0775
vn -0.6608 0.0433 -0.7493
vn -0.5296 0.0205 -0.8480
vn -0.4558 -0.0668 -0.8876
vn -0.2526 -0.0867 -0.9637
vn 0.2748 -0.0015 -0.9615
vn 0.0209 -0.0922 -0.9955
vn 0.6684 -0.0029 -0.7438
vn 0.7760 0.0172 -0.6305
vn 0.3311 0.0133 -0.9435
vn 0.4531 0.0997 -0.8858
vn 0.0287 0.0028 -0.9996
vn -0.2209 0.0203 -0.9751
vn -0.0459 0.0645 -0.9969
vn 0.1763 0.0158 -0.9842
vn 0.5336 -0.0190 -0.8455
vn 0.7188 -0.0616 -0.6924
vn 0.8564 0.0205 -0.5159
vn 0.9944 0.0862 -0.0605
vn 0.9989 0.0165 0.0442
vn 0.9995 -0.0232 -0.0221
vn 0.9051 0.0022 0.4251
vn 0.8875 0.0800 0.4538
vn 0.5711 0.0560 0.8190
vn 0.5371 -0.0275 0.8431
vn 0.9821 -0.0378 -0.1846
vn 0.9064 -0.0534 0.4190
vn 0.9745 -0.1682 -0.1486
vn 0.9769 -0.0917 -0.1929
vn 0.8436 -0.0357 -0.5358
vn 0.9265 -0.1790 0.3308
vn 0.9837 -0.1292 0.1249
vn 0.5251 -0.2647 0.8088
vn 0.6405 -0.1567 0.7518
vn 0.9866 -0.0976 -0.1308
vn 0.8948 -0.4053 0.1871
vn 0.2163 -0.0094 0.9763
vn 0.1824 -0.0695 0.9808
vn -0.0898 -0.1203 0.9887
vn 0.1282 -0.1029 0.9864
vn -0.0755 -0.1107 0.9910
vn 0.0662 -0.1466 0.9870
vn -0.1767 -0.1632 0.9706
vn 0.9787 -0.0105 0.2051
vn 0.9775 -0.0395 0.2072
vn -0.0473 -0.7683 0.6383
vn -0.4406 -0.5483 0.7108
vn -0.8642 -0.3517 0.3599
vn -0.9842 -0.1181 0.1316
vn -0.4738 -0.2976 0.8288
vn -0.1329 -0.2722 0.9530
vn 0.0688 -0.1240 0.9899
vn 0.5939 0.0072 0.8045
vn 0.8923 -0.0225 -0.4508
vn 0.4692 0.1426 -0.8715
vn 0.0374 -0.2428 -0.9694
vn -0.6834 -0.2545 -0.6842
vn -0.9448 -0.2407 -0.2224
vn -0.8083 -0.1855 0.5588
vn -0.9996 0.0129 -0.0242
vn -0.9997 0.0048 0.0242
vn -0.9388 0.0464 -0.3415
vn 0.1912 0.1370 -0.9719
vn 0.5982 0.0887 -0.7964
vn 0.8738 0.0552 -0.4831
vn 0.9827 0.0587 -0.1757
vn 0.9961 -0.0438 0.0771
vn -0.9921 -0.0296 0.1217
vn -0.5312 0.0909 0.8424
vn -0.9887 -0.0289 -0.1472
vn -0.9075 -0.0860 0.4113
vn -0.6274 0.1264 0.7684
vn -0.3555 -0.4734 -0.8059
vn -0.1958 -0.9734 0.1190
vn -0.3742 -0.5751 -0.7275
vn 0.6686 -0.7333 -0.1237
vn 0.1781 -0.4631 0.8682
vn -0.9027 -0.2927 0.3153
vn 0.7350 -0.0820 0.6731
vn 0.7178 0.1600 0.6776
vn -0.1803 0.2213 0.9584
vn -0.3997 0.1800 0.8988
vn -0.3359 0.3833 0.8604
vn -0.7773 0.4578 0.4315
vn -0.3370 0.4697 0.8160
vn -0.2153 -0.1653 0.9625
vn -0.2326 0.2429 0.9418
vn -0.3798 0.3602 0.8520
vn -0.0494 0.3620 0.9309
vn 0.7989 -0.0778 -0.5964
vn 0.9355 -0.0049 -0.3532
vn 0.9676 0.1942 0.1615
vn 0.2549 -0.2031 -0.9454
vn 0.3129 -0.2943 -0.9031
vn 0.1978 -0.2675 -0.9430
vn 0.6469 -0.3486 -0.6782
vn 0.2107 -0.2139 -0.9539
vn 0.2553 -0.1564 -0.9541
vn 0.1792 -0.2617 -0.9484
vn -0.5149 0.1586 -0.8424
vn 0.4376 -0.7136 -0.5471
vn 0.4655 -0.5350 0.7050
vn -0.8467 0.2898 0.4463
vn -0.9310 0.3570 -0.0756
vn -0.8509 0.0980 -0.5162
vn -0.1768 -0.2722 -0.9459
vn 0.4061 -0.5092 -0.7588
vn -0.9102 0.2241 0.3483
vn -0.9999 0.0151 -0.0034
vn -0.5838 0.1309 -0.8013
vn -0.7894 -0.0522 -0.6116
vn -0.3893 0.2620 0.8831
vn -0.4844 0.2844 0.8273
vn -0.3859 0.2515 0.8876
vn 0.0840 0.4325 0.8977
vn -0.1022 0.4487 0.8878
vn 0.7423 0.3662 0.5611
vn 0.3398 0.4152 0.8439
vn 0.2365 -0.2844 -0.9291
vn 0.4587 -0.2255 -0.8595
vn 0.2561 -0.2754 -0.9266
vn 0.1009 -0.3496 -0.9315
vn 0.3186 -0.3078 -0.8965
vn -0.2140 -0.2946 -0.9314
vn -0.4689 0.8008 0.3727
vn -0.7906 0.6096 -0.0584
vn -0.7909 -0.3656 -0.4908
vn -0.6742 -0.6762 -0.2969
vn -0.3071 -0.8186 0.4854
vn 0.0130 -0.4801 -0.8771
vn 0.8862 -0.0946 -0.4535
vn 0.8747 -0.4712 0.1134
vn 0.2733 -0.9608 0.0473
vn 0.4079 -0.4243 0.8085
vn -0.5312 0.0945 -0.8420
vn -0.9118 -0.0762 -0.4034
vn -0.9888 -0.0296 0.1462
vn -0.6274 0.1299 -0.7678
vn -0.3753 -0.4620 0.8035
vn -0.1958 -0.9729 -0.1233
vn 0.6686 -0.7338 0.1205
vn -0.3742 -0.5782 0.7250
vn 0.1781 -0.4593 -0.8702
vn -0.9027 -0.2913 -0.3165
vn 0.4701 0.0563 -0.8808
vn -0.2193 0.2455 -0.9443
vn 0.1218 0.3610 -0.9246
vn -0.3892 0.1755 -0.9043
vn -0.7773 0.4597 -0.4295
vn -0.3359 0.3871 -0.8587
vn -0.3370 0.4732 -0.8139
vn -0.3907 -0.6788 -0.6217
vn -0.3798 0.3639 -0.8505
vn -0.2326 0.2470 -0.9407
vn 0.9806 0.0150 0.1954
vn 0.1888 -0.1986 0.9617
vn 0.6087 -0.3786 0.6972
vn 0.3330 -0.3170 0.8881
vn 0.1676 -0.1706 0.9710
vn 0.1792 -0.2658 0.9472
vn -0.5107 0.1598 0.8448
vn 0.4345 -0.7143 0.5487
vn 0.4604 -0.5342 -0.7090
vn -0.8467 0.2917 -0.4450
vn -0.9310 0.3567 0.0771
vn -0.8509 0.0957 0.5166
vn -0.1768 -0.2763 0.9447
vn 0.4061 -0.5125 0.7566
vn -0.9102 0.2257 -0.3473
vn -0.6029 0.0763 0.7942
vn -0.9999 0.0150 0.0034
vn -0.7894 -0.0549 0.6114
vn -0.3893 0.2659 -0.8819
vn -0.4844 0.2880 -0.8261
vn -0.3859 0.2554 -0.8865
vn 0.0840 0.4364 -0.8958
vn -0.1022 0.4526 -0.8859
vn 0.4066 0.2976 -0.8638
vn 0.7203 0.2075 -0.6619
vn 0.9189 0.0394 0.3924
vn 0.9533 0.2299 -0.1959
vn 0.2179 -0.3859 0.8964
vn 0.4137 -0.3063 0.8573
vn 0.2495 -0.3656 0.8967
vn 0.1256 -0.2983 0.9462
vn 0.3247 -0.3020 0.8963
vn -0.2356 -0.2504 0.9390
vn -0.4689 0.8024 -0.3692
vn -0.7906 0.6093 0.0610
vn -0.7311 -0.6022 0.3207
vn -0.7883 -0.3527 0.5041
vn -0.0882 -0.5285 0.8444
vn 0.7873 -0.4848 -0.3810
vn 0.1320 -0.9621 -0.2386
vn -0.5651 -0.1312 0.8145
vn -0.3962 -0.3276 0.8577
vn -0.6962 -0.1632 0.6991
vn -0.6962 -0.0525 0.7159
vn -0.0003 0.0109 0.9999
vn -0.5740 0.1877 0.7970
vn -0.4583 -0.2410 -0.8555
vn -0.7039 -0.0597 -0.7078
vn -0.6911 -0.1680 -0.7030
vn -0.5578 -0.3870 -0.7342
vn -0.4605 0.3598 -0.8115
vn -0.6999 -0.3568 0.6188
vn -0.9278 -0.3731 -0.0020
vn -0.9619 -0.2733 -0.0022
vn 0.8717 0.4760 0.1164
vn 0.8738 0.4853 0.0299
vn 0.9245 0.3481 -0.1551
vn 0.8099 0.1371 0.5703
vn 0.3354 0.5913 0.7334
vn -0.9298 -0.1869 0.3172
vn -0.9277 -0.1894 -0.3217
vn 0.7778 0.6196 -0.1053
vn 0.6956 0.5420 -0.4716
vn 0.6488 0.0320 -0.7603
vn -0.7046 -0.3175 -0.6346
vn 0.2940 0.5400 -0.7886
vn 0.0374 -0.0222 -0.9991
vn -0.3861 0.5231 0.7598
vn -0.9009 0.0124 0.4339
vn -0.7722 0.4361 0.4621
vn -0.7536 0.5058 -0.4199
vn -0.8976 0.0093 -0.4407
vn -0.7793 0.6267 -0.0050
vn -0.7782 0.5711 -0.2613
vn -0.5337 0.8442 0.0505
vn -0.8161 0.4726 0.3325
vn 0.3938 0.8023 0.4486
vn 0.7805 0.6172 0.0994
vn -0.4311 0.6999 0.5694
vn -0.7794 0.5737 0.2520
vn -0.4624 0.7237 -0.5123
vn -0.5228 0.8523 -0.0163
vn 0.4055 0.7904 -0.4592
vn -0.2412 0.9705 -0.0049
vn -0.6858 -0.5921 0.4232
vn -0.7802 -0.5028 0.3722
vn -0.3212 -0.8840 -0.3396
vn -0.9314 -0.2333 0.2793
vn -0.7792 -0.4945 0.3851
vn -0.0436 0.9963 -0.0738
vn -0.7590 0.6047 0.2415
vn -0.9042 0.0474 0.4244
vn -0.9787 -0.1881 0.0825
vn -0.6677 0.7244 -0.1712
vn 0.2266 0.9519 0.2063
vn -0.5584 0.8125 0.1671
vn -0.7397 0.6058 -0.2929
vn -0.2778 0.7401 0.6125
vn -0.4393 0.8414 0.3146
vn -0.9685 -0.2376 0.0747
vn -0.9501 -0.2765 0.1447
vn -0.9985 -0.0410 0.0355
vn -0.9960 0.0473 0.0752
vn -0.8230 -0.3995 0.4039
vn -0.8767 0.3903 0.2810
vn -0.6452 -0.7131 0.2742
vn -0.7872 0.1844 0.5884
vn -0.8910 0.0846 0.4460
vn -0.5656 -0.0107 0.8246
vn -0.6206 -0.7503 0.2279
vn -0.0936 0.1905 0.9772
vn -0.7860 -0.0433 0.6168
vn -0.7083 0.5144 0.4834
vn -0.7960 -0.2739 0.5399
vn -0.7439 0.1264 0.6562
vn -0.8153 0.0844 0.5729
vn -0.4962 -0.7796 0.3821
vn -0.9689 -0.2298 -0.0912
vn -0.6272 -0.7615 0.1634
vn -0.9149 -0.2868 0.2843
vn -0.6146 -0.7682 0.1795
vn -0.7161 -0.5952 0.3645
vn -0.8694 -0.3211 0.3755
vn -0.6356 -0.7353 0.2353
vn -0.9782 0.0450 0.2027
vn -0.9261 -0.1569 0.3431
vn -0.7048 -0.0226 0.7090
vn -0.7662 -0.2885 0.5742
vn -0.8006 -0.4077 0.4392
vn -0.3654 -0.8953 -0.2550
vn -0.4338 -0.7122 -0.5520
vn -0.8180 -0.4474 -0.3615
vn -0.4396 -0.1823 -0.8795
vn -0.7618 -0.3110 -0.5683
vn -0.4158 0.9083 0.0457
vn -0.7943 0.6075 -0.0050
vn -0.4162 0.9076 -0.0558
vn -0.7003 0.2452 0.6704
vn -0.6196 0.4493 0.6436
vn -0.9679 0.2437 -0.0620
vn -0.6993 -0.2858 0.6552
vn -0.6746 -0.6727 0.3040
vn -0.6939 0.0513 0.7182
vn -0.9546 -0.2914 -0.0613
vn -0.1017 0.9561 0.2749
vn -0.8054 -0.5761 -0.1393
vn -0.9889 0.0617 -0.1354
vn -0.0167 -0.9844 -0.1749
vn -0.2560 -0.5911 -0.7649
vn -0.5715 -0.2698 -0.7750
vn -0.3039 0.7587 -0.5762
vn -0.4976 0.8017 -0.3310
vn -0.2088 0.7673 -0.6063
vn -0.6263 -0.4037 0.6669
vn -0.9417 -0.2562 -0.2178
vn 0.9002 0.2436 0.3609
vn -0.6353 0.5355 0.5565
vn -0.7417 0.5795 -0.3378
vn -0.9369 0.0586 -0.3448
vn -0.0757 0.9966 -0.0324
vn -0.7306 0.5600 -0.3907
vn -0.7405 0.6309 -0.2316
vn -0.7071 0.6849 -0.1760
vn -0.7163 -0.6622 0.2201
vn -0.7316 -0.6817 0.0028
vn -0.5173 -0.8286 0.2142
vn -0.8681 -0.3721 -0.3285
vn -0.2359 -0.9564 0.1720
vn 0.1604 -0.7369 -0.6567
vn -0.9893 -0.1457 0.0063
vn 0.1275 -0.6484 0.7505
vn -0.2672 0.9527 -0.1448
vn -0.9840 0.1252 -0.1267
vn -0.4549 0.7677 -0.4514
vn -0.8983 0.0961 -0.4287
vn -0.5826 0.1771 -0.7932
vn -0.6956 0.1355 -0.7056
vn -0.9521 0.0221 -0.3050
vn -0.7950 -0.0318 -0.6058
vn -0.7116 0.0049 -0.7026
vn -0.5721 -0.0890 -0.8153
vn -0.7295 0.5007 -0.4659
vn -0.8881 -0.0351 -0.4582
vn -0.8193 0.5733 0.0036
vn -0.8121 0.1046 -0.5741
vn -0.3364 -0.7150 0.6129
vn -0.1839 -0.9410 0.2842
vn -0.2152 -0.9603 0.1778
vn -0.8125 0.1463 -0.5643
vn -0.9974 -0.0409 -0.0595
vn -0.9745 0.2218 0.0342
vn 0.3870 -0.6421 0.6617
vn -0.6050 -0.6594 -0.4463
vn -0.7648 -0.5459 -0.3422
vn -0.5134 -0.0838 -0.8540
vn -0.2502 -0.0554 0.9666
vn -0.6785 -0.0513 0.7328
vn -0.5820 -0.0774 -0.8095
vn 0.2491 -0.9670 0.0539
vn -0.5786 0.5151 -0.6324
vn -0.8039 -0.5540 -0.2163
vn -0.9319 -0.1022 -0.3479
vn -0.7536 -0.6159 -0.2297
vn -0.9157 0.3227 0.2396
vn -0.8307 -0.1597 -0.5333
vn -0.6593 -0.0705 -0.7486
vn -0.7572 0.3826 -0.5293
vn -0.5432 -0.8305 0.1232
vn -0.5895 -0.7845 0.1924
vn -0.8067 0.0655 0.5873
vn -0.1411 -0.0553 -0.9884
vn -0.6247 0.4978 -0.6016
vn -0.9238 -0.3314 -0.1918
vn -0.9875 -0.1573 0.0053
vn -0.7116 -0.5014 -0.4922
vn -0.3072 -0.7460 -0.5908
vn -0.4457 -0.8612 -0.2443
vn -0.4272 -0.5891 -0.6859
vn -0.4843 -0.7507 0.4493
vn -0.2821 -0.7506 0.5975
vn -0.7334 -0.4193 0.5352
vn -0.6255 -0.5943 0.5056
vn -0.2996 -0.6903 0.6586
vn -0.2144 -0.2900 -0.9327
vn -0.7443 0.1614 -0.6481
vn -0.4408 -0.3253 0.8366
vn -0.2708 -0.5518 0.7888
vn -0.7706 0.3324 0.5438
vn -0.4533 0.1216 0.8830
vn -0.8867 0.4569 0.0700
vn -0.9908 -0.0044 -0.1353
vn -0.7204 -0.0072 0.6935
vn -0.8648 0.0428 0.5002
vn -0.3464 -0.3126 0.8845
vn -0.3308 -0.0561 0.9420
vn -0.0892 -0.6132 0.7849
vn -0.4327 -0.9015 -0.0138
vn -0.2837 -0.5555 -0.7816
vn -0.2571 -0.9662 0.0157
vn 0.0462 -0.9797 -0.1949
vn -0.3719 -0.9232 0.0971
vn -0.6874 -0.7053 0.1733
vn -0.9737 -0.2121 -0.0835
vn -0.6214 -0.6681 0.4094
vn 0.3796 -0.8582 -0.3455
vn -0.0465 -0.1407 -0.9890
vn -0.9823 -0.1876 -0.0015
vn -0.9733 0.0192 -0.2289
vn -0.6323 -0.7745 0.0167
vn -0.9742 0.0170 0.2250
vn -0.7735 -0.3888 0.5006
vn -0.0790 -0.9967 -0.0164
vn 0.4107 -0.8661 -0.2850
vn 0.7526 -0.2999 -0.5862
vn 0.4490 0.0945 -0.8885
vn 0.5290 0.4402 -0.7255
vn -0.8435 -0.1628 0.5118
vn 0.2165 0.9715 0.0965
vn -0.1778 0.9566 0.2309
vn -0.7467 0.6124 0.2595
vn -0.1759 0.9841 -0.0236
vn -0.2993 0.9541 -0.0053
vn -0.8458 0.5334 -0.0046
vn -0.3277 -0.2394 0.9139
vn -0.4364 -0.2392 0.8673
vn -0.5054 -0.2653 0.8211
vn -0.1046 -0.4670 0.8781
vn -0.5655 -0.4536 0.6888
vn -0.2334 -0.8337 0.5005
vn -0.9608 -0.0149 0.2769
vn -0.7101 0.0011 0.7041
vn -0.9264 -0.1923 0.3238
vn -0.7886 0.0159 0.6147
vn -0.8872 -0.1717 0.4283
vn -0.7243 -0.0980 0.6825
vn -0.5918 0.6273 0.5063
vn -0.9510 -0.3091 -0.0009
vn -0.9184 -0.3956 0.0007
vn -0.9892 -0.0776 0.1246
vn -0.0556 0.9866 0.1533
vn -0.7960 -0.5398 0.2738
vn -0.7749 -0.1017 0.6238
vn -0.7135 0.6198 0.3269
vn 0.7150 0.4335 -0.5485
vn 0.3369 0.9370 -0.0924
vn 0.2064 0.9785 -0.0041
vn -0.1760 0.9843 0.0133
vn -0.8751 -0.1755 0.4511
vn -0.1758 -0.3493 0.9204
vn 0.7076 0.3011 -0.6392
vn -0.5575 -0.1881 0.8086
vn -0.3848 -0.9057 0.1781
vn -0.7782 0.4232 0.4640
vn -0.6535 0.6629 0.3653
vn -0.9052 0.4250 -0.0044
vn 0.0120 -0.0665 0.9977
vn -0.3610 -0.9269 -0.1023
vn 0.0531 -0.9801 0.1910
vn -0.9743 -0.2107 0.0799
vn -0.0493 -0.1305 0.9902
vn 0.3777 -0.8549 0.3556
vn -0.6194 -0.6719 -0.4060
vn -0.7684 -0.3911 -0.5066
vn 0.4574 -0.8511 0.2576
vn 0.7497 -0.2944 0.5928
vn 0.5254 0.4471 0.7239
vn 0.4446 0.1032 0.8897
vn -0.8848 -0.2068 -0.4175
vn 0.7044 0.3074 0.6398
vn -0.7105 0.6174 -0.3377
vn -0.1762 0.9545 -0.2406
vn -0.7454 0.6099 -0.2690
vn -0.4272 -0.2359 -0.8729
vn -0.3656 -0.3071 -0.8787
vn -0.5991 -0.1741 -0.7815
vn -0.3530 -0.2641 -0.8976
vn -0.5647 -0.4758 -0.6744
vn -0.2281 -0.8377 -0.4962
vn -0.9196 -0.2415 -0.3099
vn -0.7262 0.0312 -0.6868
vn -0.9593 -0.0181 -0.2817
vn -0.6711 -0.2249 -0.7064
vn -0.5872 0.6282 -0.5105
vn -0.9125 -0.1495 -0.3808
vn -0.9885 -0.0790 -0.1289
vn -0.0548 0.9851 -0.1630
vn -0.7947 -0.5423 -0.2726
vn -0.8217 -0.1640 -0.5459
vn -0.8295 -0.2386 -0.5050
vn 0.2168 0.9706 -0.1047
vn 0.3362 0.9380 0.0849
vn -0.7320 -0.0058 -0.6812
vn -0.5368 -0.1296 -0.8337
vn 0.7122 0.4388 0.5479
vn -0.3840 -0.9073 -0.1714
vn -0.6120 0.4684 -0.6372
vn 0.0603 -0.1115 -0.9919
vn 0.0952 -0.2095 0.9732
vn -0.3131 0.0910 0.9454
vn -0.3013 0.0480 -0.9523
vn 0.0345 -0.2224 0.9743
vn -0.1329 -0.2130 -0.9680
vn -0.0689 -0.2571 -0.9639
vn 0.0501 -0.6178 -0.7847
vn 0.9611 0.1344 -0.2415
vn -0.5785 0.0961 -0.8100
vn 0.4291 -0.5873 0.6862
vn 0.9825 -0.0456 0.1808
vn 0.8986 -0.3170 0.3032
vn -0.1041 0.6467 -0.7556
vn -0.3160 0.9070 -0.2784
vn 0.2718 0.9572 -0.0990
vn -0.5005 0.5860 0.6372
vn -0.0324 0.8372 0.5460
vn 0.8748 0.2768 0.3977
vn 0.7339 0.3131 -0.6028
vn 0.1836 0.3076 -0.9336
vn -0.4635 0.6046 -0.6478
vn -0.6828 0.4720 -0.5576
vn -0.7507 0.0116 -0.6606
vn -0.7858 -0.2046 -0.5836
vn -0.9241 0.3536 0.1451
vn -0.7758 -0.3026 0.5536
vn -0.2540 -0.0465 0.9661
vn -0.1232 0.3484 0.9292
vn 0.4134 0.3065 0.8574
vn -0.0594 -0.3907 0.9186
vn 0.4996 -0.6897 -0.5241
vn 0.9800 -0.1981 -0.0193
vn 0.6998 -0.7060 -0.1092
vn 0.1435 -0.3929 -0.9083
vn -0.6820 -0.1927 -0.7055
vn -0.0229 -0.4881 -0.8725
vn -0.8177 -0.3010 -0.4908
vn -0.2247 -0.4934 0.8402
vn 0.2075 -0.5761 0.7906
vn 0.2366 -0.6100 0.7563
vn 0.6576 -0.6277 0.4167
vn 0.2019 -0.3551 0.9128
vn -0.2869 -0.8098 -0.5118
vn 0.1009 -0.7082 -0.6987
vn -0.4906 -0.6197 -0.6126
vn -0.8603 -0.4401 -0.2574
vn -0.8797 -0.4666 -0.0916
vn -0.5776 -0.8145 -0.0542
vn -0.5352 -0.8447 0.0072
vn -0.6028 -0.5755 0.5527
vn -0.9223 -0.3862 -0.0149
vn -0.6437 -0.7605 0.0849
vn -0.7969 -0.6017 0.0543
vn 0.2062 -0.9687 -0.1385
vn 0.0534 -0.8652 -0.4985
vn -0.0614 -0.6334 -0.7714
vn -0.3697 -0.2060 -0.9060
vn -0.7263 -0.3010 -0.6180
vn -0.9739 -0.1946 0.1167
vn -0.9394 -0.2821 -0.1950
vn -0.9210 -0.3626 -0.1425
vn -0.2499 -0.5421 -0.8023
vn 0.4907 -0.6979 -0.5217
vn 0.7018 -0.6925 0.1670
vn -0.8348 -0.5132 -0.1994
vn -0.4490 -0.3301 -0.8303
vn 0.5477 -0.8209 -0.1615
vn 0.0015 -0.6219 0.7831
vn -0.0411 -0.9432 -0.3297
vn -0.6510 -0.7241 -0.2277
vn -0.6992 -0.4405 0.5632
vn -0.3794 -0.3034 0.8741
vn 0.2946 -0.8885 0.3517
vn -0.8772 -0.4392 -0.1940
vn -0.9546 -0.1579 -0.2527
vn -0.7432 0.2992 -0.5985
vn -0.6906 -0.4295 -0.5819
vn 0.3786 -0.9255 0.0115
vn 0.9196 -0.3879 0.0618
vn -0.9578 -0.1763 0.2272
vn -0.6175 -0.7585 -0.2085
vn -0.0676 -0.4258 -0.9023
vn -0.4365 -0.8486 0.2989
vn 0.4353 -0.8904 0.1331
vn 0.2973 -0.7115 -0.6368
vn -0.5186 -0.3307 0.7884
vn 0.0491 -0.2404 -0.9694
vn -0.9636 0.2506 -0.0927
vn -0.9603 -0.0886 -0.2644
vn -0.9863 0.0000 0.1651
vn -0.9527 0.2588 0.1595
vn -0.7716 0.0000 0.6361
vn -0.7972 0.2579 0.5458
vn -0.5790 -0.0761 0.8118
vn -0.4015 -0.2506 -0.8809
vn -0.3662 -0.4696 -0.8034
vn -0.5572 -0.4823 -0.6759
vn -0.6144 -0.2588 -0.7453
vn -0.8205 -0.4823 -0.3067
vn -0.8640 -0.4823 0.1446
vn -0.6759 -0.4823 0.5572
vn -0.5127 -0.4696 0.7188
vn -0.2983 -0.6947 -0.6545
vn -0.4498 -0.7071 -0.5456
vn -0.6623 -0.7071 -0.2476
vn -0.6974 -0.7071 0.1167
vn -0.5456 -0.7071 0.4498
vn -0.4176 -0.6947 0.5856
vn -0.9753 0.2069 -0.0768
vn -0.9346 -0.2825 0.2160
vn -0.9062 0.2004 0.3724
vn -0.8926 0.4495 -0.0342
vn -0.9518 -0.0776 -0.2968
vn -0.8894 -0.4569 -0.0118
vn -0.8589 -0.1561 0.4878
vn 0.9902 0.0000 -0.1397
vn 0.9902 -0.0000 -0.1397
vn -0.8476 0.5171 0.1196
vn -0.8769 0.4724 -0.0887
vn -0.9012 0.3460 -0.2609
vn -0.9163 0.1598 -0.3673
vn -0.9194 -0.0541 -0.3896
vn -0.9194 -0.0540 -0.3896
vn -0.9101 -0.2585 -0.3238
vn -0.8900 -0.4183 -0.1814
vn -0.8626 -0.5058 0.0131
vn -0.8325 -0.5058 0.2260
vn -0.8051 -0.4183 0.4205
vn -0.7850 -0.2585 0.5630
vn -0.7757 -0.0540 0.6288
vn -0.7788 0.1598 0.6065
vn -0.7939 0.3460 0.5001
vn -0.8182 0.4724 0.3278
vn -0.8900 -0.2506 -0.3810
vn -0.9561 -0.2588 -0.1374
vn -0.9898 0.0000 -0.1422
vn -0.8347 0.0886 -0.5435
vn -0.9253 -0.2579 0.2780
vn -0.9283 0.0000 0.3718
vn -0.7982 0.0761 0.5976
vn -0.1150 0.2506 -0.9612
vn -0.3591 0.2588 -0.8967
vn -0.3257 0.4823 -0.8132
vn -0.1049 0.4696 -0.8766
vn -0.6886 0.4823 -0.5414
vn -0.8671 0.4823 -0.1246
vn -0.8132 0.4823 0.3257
vn -0.7067 0.4696 0.5292
vn -0.2629 0.7071 -0.6564
vn -0.0855 0.6947 -0.7142
vn -0.5559 0.7071 -0.4370
vn -0.6999 0.7071 -0.1006
vn -0.6564 0.7071 0.2629
vn -0.5757 0.6947 0.4311
vn -0.8586 -0.5101 -0.0512
vn -0.8451 -0.4674 -0.2595
vn -0.8452 -0.4682 -0.2577
vn -0.8587 -0.5101 -0.0501
vn -0.8330 -0.3436 -0.4336
vn -0.8331 -0.3455 -0.4319
vn -0.8258 -0.1547 -0.5423
vn -0.8246 -0.1613 -0.5423
vn -0.8242 0.0603 -0.5630
vn -0.8234 0.0552 -0.5648
vn -0.8281 0.2585 -0.4973
vn -0.8366 0.4183 -0.3537
vn -0.8481 0.5058 -0.1577
vn -0.8481 0.5058 -0.1576
vn -0.8608 0.5058 0.0570
vn -0.8723 0.4183 0.2531
vn -0.8808 0.2585 0.3967
vn -0.8862 0.0490 0.4607
vn -0.8847 0.0541 0.4630
vn -0.8862 -0.1647 0.4331
vn -0.8854 -0.1605 0.4362
vn -0.8811 -0.3407 0.3280
vn -0.8811 -0.3414 0.3274
vn -0.8713 -0.4652 0.1561
vn -0.8713 -0.4652 0.1562
vn -0.9983 -0.0000 -0.0588
vn -0.9151 0.0365 -0.4015
vn -0.9272 -0.3188 -0.1968
vn -0.9313 0.3413 -0.1275
vn -0.9533 0.1745 0.2466
vn -0.9508 -0.2335 0.2038
vn -0.8421 -0.4724 -0.2603
vn -0.8758 -0.4814 -0.0345
vn -0.8531 -0.3094 -0.4201
vn -0.8482 -0.1650 -0.5033
vn -0.8242 0.0540 -0.5637
vn -0.8508 0.2555 -0.4592
vn -0.8574 0.3794 -0.3478
vn -0.8817 0.4673 0.0651
vn -0.8907 0.3995 0.2171
vn -0.9031 0.0333 0.4282
vn -0.9021 -0.1325 0.4108
vn -0.8771 -0.3460 0.3333
vn -0.8854 -0.4467 0.1283
vn 0.9983 -0.0000 0.0588
vn 0.9983 0.0000 0.0588
vn 0.0210 -0.5391 0.8420
vn -0.0139 -0.9844 0.1754
vn -0.2339 -0.9685 0.0853
vn 0.1148 -0.6248 -0.7723
vn -0.0101 -0.5165 -0.8562
vn -0.0774 -0.9680 0.2388
vn -0.0999 -0.9565 -0.2740
vn 0.8494 -0.5265 -0.0365
vn -0.0000 -0.9744 0.2247
vn -0.3487 0.8494 -0.3962
vn -0.6103 0.7470 0.2638
vn -0.3506 0.7084 0.6126
vn -0.3036 0.5814 -0.7549
vn -0.4171 0.6806 0.6024
vn -0.8822 -0.3451 0.3202
vn -0.8088 0.4914 -0.3230
vn -0.8048 -0.4537 -0.3826
vn -0.6120 -0.3935 0.6860
vn -0.0915 0.3373 0.9369
vn 0.2174 -0.0744 0.9732
vn 0.7330 0.0107 0.6801
vn -0.2581 -0.3489 0.9009
vn 0.7510 0.1423 -0.6448
vn 0.3264 0.2051 -0.9227
vn 0.1275 0.2396 -0.9625
vn 0.6965 0.3070 -0.6485
vn -0.1709 0.2465 -0.9539
vn -0.3743 0.3803 -0.8458
vn -0.2927 -0.5655 -0.7711
vn 0.0780 -0.5145 -0.8539
vn 0.9581 0.2863 0.0070
vn 0.7222 0.2261 0.6537
vn 0.6303 -0.5070 -0.5880
vn -0.6496 0.5566 0.5180
vn -0.8974 0.4392 0.0422
vn -0.6367 0.5088 -0.5795
vn -0.0419 0.2790 0.9594
vn -0.4490 0.4201 0.7886
vn 0.2411 0.1515 0.9586
vn 0.6003 0.5029 -0.6219
vn 0.1047 0.4049 -0.9083
vn 0.2846 0.3031 -0.9095
vn -0.0827 0.3200 -0.9438
vn 0.5944 -0.6790 0.4309
vn 0.0806 -0.5564 0.8270
vn 0.0266 -0.5424 -0.8397
vn 0.0751 -0.6123 0.7871
vn -0.2277 -0.9706 -0.0774
vn -0.0130 -0.9850 -0.1723
vn -0.0367 -0.9633 -0.2660
vn 0.0369 -0.5044 0.8627
vn -0.0999 -0.9565 0.2740
vn -0.0000 -0.9744 -0.2247
vn 0.8556 -0.5140 0.0619
vn -0.3542 0.8520 0.3855
vn -0.2927 0.5646 0.7717
vn -0.4112 0.7570 -0.5079
vn -0.6146 0.7413 -0.2696
vn -0.3558 0.6798 -0.6413
vn -0.6288 0.7776 0.0038
vn -0.8807 -0.3509 -0.3182
vn -0.8005 -0.4588 0.3856
vn -0.8127 0.4875 0.3191
vn -0.6206 -0.4048 -0.6716
vn -0.0936 0.3330 -0.9383
vn 0.7330 0.0107 -0.6801
vn 0.2174 -0.0744 -0.9732
vn -0.3270 0.3882 -0.8616
vn -0.2602 -0.4290 -0.8650
vn -0.1704 0.2590 0.9507
vn -0.3790 0.3816 0.8431
vn -0.2922 -0.5577 0.7769
vn 0.3043 0.2241 0.9258
vn 0.6749 -0.4512 0.5839
vn 0.7365 0.3334 0.5886
vn 0.0844 -0.5068 0.8579
vn 0.7222 0.2261 -0.6537
vn 0.9600 0.2798 -0.0038
vn -0.6189 0.5656 -0.5451
vn -0.6903 0.5531 -0.4665
vn -0.8445 0.5339 -0.0409
vn -0.6360 0.5105 0.5787
vn -0.0419 0.2790 -0.9594
vn -0.4041 0.4574 -0.7921
vn 0.2411 0.1515 -0.9586
vn 0.6003 0.5029 0.6219
vn 0.0978 0.2899 0.9521
vn 0.2570 0.3871 0.8855
vn -0.0440 0.2660 0.9630
vn 0.5944 -0.6790 -0.4309
vn 0.0806 -0.5564 -0.8270
# 1036 vertex normals

vt 0.0000 0.0000 0.0000
vt 0.5000 0.0000 0.0000
vt 0.5000 0.1250 0.0000
vt 0.0000 0.1250 0.0000
vt 1.0000 0.0000 0.0000
vt 1.0000 0.1250 0.0000
vt 1.0000 0.5000 0.0000
vt 0.5000 0.5000 0.0000
vt 0.5000 0.3750 0.0000
vt 1.0000 0.3750 0.0000
vt 0.0000 0.5000 0.0000
vt 0.0000 0.3750 0.0000
vt 0.5000 0.6250 0.0000
vt -0.1135 0.5559 0.0000
vt 1.0000 0.6250 0.0000
vt 1.0000 0.7500 0.0000
vt 0.2282 0.0000 0.0000
vt 0.2281 0.1250 0.0000
vt 0.4564 0.0000 0.0000
vt 0.4561 0.1250 0.0000
vt 0.2458 0.5000 0.0000
vt 0.2390 0.3750 0.0000
vt 0.2444 0.6250 0.0000
vt 0.0000 0.6250 0.0000
vt 0.2439 0.7563 0.0000
vt 0.0000 0.7500 0.0000
vt 0.2538 0.9000 0.0000
vt 0.1884 0.8813 0.0000
vt 0.3863 0.9750 0.0000
vt 0.2915 1.0000 0.0000
vt 0.1458 1.0000 0.0000
vt 0.0000 1.0000 0.0000
vt 0.6899 0.0000 0.0000
vt 0.8450 0.0000 0.0000
vt 0.8496 0.5000 0.0000
vt 0.7368 0.5000 0.0000
vt 1.0000 1.0000 0.0000
vt 0.8542 1.0000 0.0000
vt 0.7085 1.0000 0.0000
vt 0.6992 0.5000 0.0000
vt 0.6607 0.8750 0.0000
vt 0.5000 1.0000 0.0000
vt 0.8999 0.5625 0.0000
vt 0.7500 0.7500 0.0000
vt 0.2344 0.9219 0.0000
vt 0.5625 0.9375 0.0000
vt 0.8386 0.8750 0.0000
vt 0.5000 0.8750 0.0000
vt 0.5000 0.7500 0.0000
vt 0.1875 0.7813 0.0000
vt 0.1250 0.8750 0.0000
vt 0.5000 0.7188 0.0000
vt 0.8281 0.9531 0.0000
vt 0.8750 0.9688 0.0000
vt 0.1250 0.9688 0.0000
vt 0.0000 0.8750 0.0000
vt 0.8125 0.7813 0.0000
vt 0.8750 0.7813 0.0000
vt 0.8750 0.8750 0.0000
vt 1.0000 0.8750 0.0000
vt 0.1250 0.7813 0.0000
vt 0.7605 0.0000 0.0000
vt 0.8803 0.0000 0.0000
vt 0.8847 0.1250 0.0000
vt 0.8808 0.3750 0.0000
vt 0.8859 0.2500 0.0000
vt 0.8628 0.7500 0.0000
vt 0.8683 0.6250 0.0000
vt 0.8546 0.8750 0.0000
vt 1.0080 0.9992 0.0000
vt 0.5506 0.0000 0.0000
vt 0.6556 0.0000 0.0000
vt 0.6601 0.1250 0.0000
vt 0.7709 0.1250 0.0000
vt 0.7571 0.5000 0.0000
vt 0.6605 0.5000 0.0000
vt 0.6644 0.3750 0.0000
vt 0.7671 0.3750 0.0000
vt 0.7478 0.6250 0.0000
vt 0.7229 0.8702 0.0000
vt 0.6188 0.8560 0.0000
vt 0.6344 0.7452 0.0000
vt 0.6899 1.0000 0.0000
vt 0.6067 0.9636 0.0000
vt 0.5235 0.9272 0.0000
vt 0.5158 0.9238 0.0000
vt 0.6078 0.9359 0.0000
vt 0.3703 0.5231 0.0000
vt 0.5000 0.2500 0.0000
vt 0.7207 0.4039 0.0000
vt 1.0000 0.2500 0.0000
vt 0.3393 0.6879 0.0000
vt 0.0000 0.2500 0.0000
vt 0.2307 0.2500 0.0000
vt 0.4779 0.3750 0.0000
vt 0.2552 0.4241 0.0000
vt 0.4774 0.7500 0.0000
vt 0.4887 0.6250 0.0000
vt 0.4887 0.8750 0.0000
vt 0.8554 0.4382 0.0000
vt 0.1610 0.7476 0.0000
vt 0.8882 0.9356 0.0000
vt 0.8735 0.5000 0.0000
vt 0.8450 1.0000 0.0000
vt 0.7037 0.3456 0.0000
vt 0.5622 0.6250 0.0000
vt 0.5412 0.7500 0.0000
vt 0.6494 0.6250 0.0000
vt 0.3125 0.0313 0.0000
vt 0.3131 0.0312 0.0000
vt 0.5000 0.2444 0.0000
vt 0.2500 0.2444 0.0000
vt 0.2500 0.1250 0.0000
vt 0.7500 0.2444 0.0000
vt 0.7500 0.1250 0.0000
vt 0.5000 0.3527 0.0000
vt 0.0000 0.3527 0.0000
vt 0.2500 0.3527 0.0000
vt 0.2500 0.4354 0.0000
vt 1.0000 0.3524 0.0000
vt 0.7500 0.3526 0.0000
vt 1.0000 0.4548 0.0000
vt 0.5000 0.7888 0.0000
vt 0.3369 0.7352 0.0000
vt 0.7500 0.8404 0.0000
vt 0.5000 0.8394 0.0000
vt 0.2500 0.7284 0.0000
vt 0.2500 0.7884 0.0000
vt 0.0885 0.7883 0.0000
vt 0.5000 0.2439 0.0000
vt 0.2500 0.2441 0.0000
vt 0.4375 0.0938 0.0000
vt 0.6563 0.1250 0.0000
vt 0.7500 0.2437 0.0000
vt 0.2500 0.4334 0.0000
vt 0.0000 0.4548 0.0000
vt 0.0000 0.3524 0.0000
vt 0.5000 0.3506 0.0000
vt 0.7500 0.3500 0.0000
vt 0.7500 0.4312 0.0000
vt 0.7500 0.6250 0.0000
vt 0.9446 0.6379 0.0000
vt 0.7500 0.7301 0.0000
vt 1.0000 0.7971 0.0000
vt 0.0574 0.0017 0.0000
vt 0.2500 0.2436 0.0000
vt 0.5000 0.1563 0.0000
vt 0.7500 0.2434 0.0000
vt 0.5000 0.2435 0.0000
vt 0.2500 0.3492 0.0000
vt 0.5000 0.3489 0.0000
vt 0.5000 0.4297 0.0000
vt 0.0000 0.3495 0.0000
vt 0.2500 0.4301 0.0000
vt 0.7500 0.3486 0.0000
vt 1.0000 0.3482 0.0000
vt 1.0000 0.4464 0.0000
vt 0.7500 0.4291 0.0000
vt 0.5000 0.7308 0.0000
vt 0.2500 0.7307 0.0000
vt 0.2500 0.6250 0.0000
vt 0.5000 0.5247 0.0000
vt 0.7500 0.5246 0.0000
vt 0.7500 0.7307 0.0000
vt 0.2500 0.7977 0.0000
vt 0.0000 0.7971 0.0000
vt 0.5000 0.7980 0.0000
vt 0.5000 0.8533 0.0000
vt 0.7500 0.7978 0.0000
vt 0.9299 0.7974 0.0000
vt 0.9287 0.8523 0.0000
vt 0.7500 0.8529 0.0000
vt 0.5625 0.0938 0.0000
vt 0.7813 0.0625 0.0000
vt 0.7500 0.2441 0.0000
vt 0.6332 0.2468 0.0000
vt 0.0000 0.3482 0.0000
vt 0.5000 0.3503 0.0000
vt 0.5000 0.4317 0.0000
vt 0.0000 0.4464 0.0000
vt 1.0000 0.4555 0.0000
vt 0.7500 0.4335 0.0000
vt 0.7500 0.3515 0.0000
vt 0.2500 0.7188 0.0000
vt 0.9383 0.8443 0.0000
vt 0.9038 0.9222 0.0000
vt 0.9519 0.9222 0.0000
vt 0.2500 0.7500 0.0000
vt 0.7500 0.7188 0.0000
vt 0.1040 0.7882 0.0000
vt 0.1017 0.7500 0.0000
vt 0.0878 0.8387 0.0000
vt 0.1014 0.8386 0.0000
vt 0.0920 0.7891 0.0000
vt 0.2079 0.7882 0.0000
vt 0.2033 0.7500 0.0000
vt 0.0000 0.4777 0.0000
vt 0.2500 0.4777 0.0000
vt 0.0000 0.4774 0.0000
vt 0.2500 0.4765 0.0000
vt 0.2500 0.5254 0.0000
vt 0.7500 0.5250 0.0000
vt 0.7500 0.4750 0.0000
vt 1.0000 0.4745 0.0000
vt 0.5000 0.5251 0.0000
vt 0.5000 0.4756 0.0000
vt 0.0000 0.4745 0.0000
vt 0.0000 0.4489 0.0000
vt 1.0000 0.4732 0.0000
vt 0.7500 0.4736 0.0000
vt 0.5000 0.4739 0.0000
vt 0.2500 0.4742 0.0000
vt 0.0000 0.4732 0.0000
vt 0.7500 0.5254 0.0000
vt 0.7500 0.4765 0.0000
vt 1.0000 0.4777 0.0000
vt 0.5000 0.4753 0.0000
vt 0.7500 0.2500 0.0000
vt 0.6250 0.3750 0.0000
vt 0.3438 0.1250 0.0000
vt 0.7500 0.5000 0.0000
vt 0.2500 0.1563 0.0000
vt 0.2500 0.5000 0.0000
vt 0.2500 0.2500 0.0000
vt 0.2188 0.0625 0.0000
vt 0.1250 0.1250 0.0000
vt 0.6875 0.0313 0.0000
vt 0.5000 0.0313 0.0000
vt 0.5000 0.9138 0.0000
vt 0.2500 0.9134 0.0000
vt 0.2500 0.8389 0.0000
vt 0.0848 0.9133 0.0000
vt 0.7500 0.9144 0.0000
vt 1.0000 0.8304 0.0000
vt 0.5000 0.8468 0.0000
vt 0.5000 0.9187 0.0000
vt 0.2500 0.9170 0.0000
vt 0.2500 0.8442 0.0000
vt 0.0000 0.9152 0.0000
vt 1.0000 0.8442 0.0000
vt 1.0000 0.9221 0.0000
vt 0.7500 0.9204 0.0000
vt 0.7500 0.8494 0.0000
vt 0.5000 0.9230 0.0000
vt 0.2500 0.9227 0.0000
vt 0.2500 0.8528 0.0000
vt 0.0000 0.9221 0.0000
vt 0.0000 0.8442 0.0000
vt 0.9255 0.9224 0.0000
vt 0.7500 0.9228 0.0000
vt 0.9702 0.7500 0.0000
vt 0.9697 0.7972 0.0000
vt 0.9403 0.7500 0.0000
vt 0.0891 0.9132 0.0000
vt 0.1782 0.9132 0.0000
vt 0.0000 0.4555 0.0000
vt 0.2882 0.3122 0.0000
vt 0.7500 0.4351 0.0000
vt 1.0833 0.4232 0.0000
vt 0.5000 0.7284 0.0000
vt 1.0000 0.7902 0.0000
vt 0.7500 0.7894 0.0000
vt 0.0153 -0.0872 0.0000
vt 0.9383 0.2586 0.0000
vt 0.2500 0.7292 0.0000
vt 0.5000 0.7297 0.0000
vt 0.0000 0.7902 0.0000
vt 0.0000 0.8304 0.0000
vt 0.3399 0.8111 0.0000
vt 0.5000 0.7937 0.0000
vt 0.7500 0.7954 0.0000
vt 0.9036 0.5165 0.0000
vt 0.7500 0.1563 0.0000
vt 0.7854 0.2708 0.0000
vt 0.4817 0.7470 0.0000
vt 0.9047 0.6338 0.0000
vt 0.5509 0.2237 0.0000
vt 0.9650 0.8520 0.0000
vt 0.2125 0.8263 0.0000
vt 0.2500 0.5257 0.0000
vt 0.5000 0.5257 0.0000
vt 0.5000 0.4777 0.0000
vt 1.0000 0.4774 0.0000
vt 0.8225 0.5080 0.0000
vt 0.7500 0.5256 0.0000
vt 1.0000 0.4489 0.0000
vt 0.2824 0.4897 0.0000
vt 0.2500 0.5248 0.0000
vt 0.8750 0.1250 0.0000
vt 0.3750 0.3750 0.0000
vt 0.5417 0.0764 0.0000
vt 0.5000 0.4375 0.0000
vt 0.1250 0.7500 0.0000
vt 0.2222 0.6111 0.0000
vt 0.8750 0.7500 0.0000
vt 0.5000 0.5625 0.0000
vt 0.7778 0.8889 0.0000
vt 0.5000 0.9375 0.0000
vt 0.8188 0.1997 0.0000
vt 0.8750 0.3379 0.0000
vt 0.6733 0.3824 0.0000
vt 0.3182 0.5224 0.0000
vt 0.4389 0.8025 0.0000
vt 0.4242 0.7803 0.0000
vt 0.1168 0.7699 0.0000
vt 0.2827 0.7712 0.0000
vt 0.1560 0.7387 0.0000
vt 0.2019 0.6059 0.0000
vt 0.5545 0.2485 0.0000
vt 0.5483 0.5681 0.0000
vt 0.5483 0.6931 0.0000
vt 0.4858 0.6931 0.0000
vt 0.5589 0.8608 0.0000
vt 0.6250 0.7500 0.0000
vt 0.6719 0.8906 0.0000
vt 0.8320 1.0000 0.0000
vt 0.3750 0.7500 0.0000
vt 0.3281 0.8906 0.0000
vt 0.5469 0.8594 0.0000
vt 0.4375 0.8750 0.0000
vt 0.9167 0.6020 0.0000
vt 0.8854 0.6837 0.0000
vt 0.7446 0.5561 0.0000
vt 0.8029 0.5565 0.0000
vt 0.8620 0.5047 0.0000
vt 0.8575 0.6673 0.0000
vt 0.5134 0.7612 0.0000
vt 0.7340 0.8757 0.0000
vt 0.9049 0.7859 0.0000
vt 0.8118 0.5615 0.0000
vt 0.4894 0.7336 0.0000
vt 0.5000 0.9300 0.0000
vt 0.1748 0.9030 0.0000
vt 0.1250 0.9375 0.0000
vt 0.2222 0.8889 0.0000
vt 0.1284 0.7528 0.0000
vt 0.1883 0.5632 0.0000
vt 0.1250 0.5625 0.0000
vt 0.8750 0.5625 0.0000
vt 0.7778 0.6111 0.0000
vt 0.8724 0.7459 0.0000
vt 0.8258 0.9017 0.0000
vt 0.8750 0.9375 0.0000
vt 0.8750 0.0313 0.0000
vt 0.1250 0.0313 0.0000
vt 0.5625 0.5625 0.0000
vt 0.6250 0.6250 0.0000
vt 0.6875 0.6875 0.0000
vt 0.8125 0.8125 0.0000
vt 0.9375 0.9375 0.0000
vt 0.0625 0.9375 0.0000
vt 0.1875 0.8125 0.0000
vt 0.3125 0.6875 0.0000
vt 0.4375 0.5625 0.0000
vt 0.3750 0.6250 0.0000
vt 0.1490 0.8893 0.0000
vt 0.2714 0.8227 0.0000
vt 0.2235 1.0000 0.0000
vt 0.4470 1.0000 0.0000
vt 0.5000 0.2200 0.0000
vt 0.5000 0.4550 0.0000
vt 1.0000 0.4470 0.0000
vt 0.5517 0.1684 0.0000
vt 0.0000 0.2165 0.0000
vt 0.8750 0.8265 0.0000
vt 0.7656 0.8473 0.0000
vt 0.6563 0.8485 0.0000
vt 0.7500 0.7691 0.0000
vt 0.4375 0.1440 0.0000
vt 0.5544 0.1579 0.0000
vt 0.7925 0.1899 0.0000
vt 0.6641 0.1798 0.0000
vt 0.3889 0.1327 0.0000
vt 0.2083 0.2431 0.0000
vt 0.3333 0.2222 0.0000
vt 0.5000 0.3333 0.0000
vt 0.7813 0.4167 0.0000
vt 1.0000 0.3333 0.0000
vt 0.7188 0.3246 0.0000
vt 0.3750 0.5625 0.0000
vt 0.2630 0.5625 0.0000
vt 0.3021 0.5000 0.0000
vt 0.2083 0.5000 0.0000
vt 0.4450 0.4605 0.0000
vt 0.6875 0.5000 0.0000
vt 0.3958 0.2804 0.0000
vt 0.6224 0.2489 0.0000
vt 0.4740 0.5076 0.0000
vt 0.5703 0.1932 0.0000
vt 0.7188 0.2151 0.0000
vt 0.7172 0.1294 0.0000
vt 0.6266 0.1442 0.0000
vt 0.3764 0.2689 0.0000
vt 0.7048 0.2614 0.0000
vt 0.6627 0.2195 0.0000
vt 0.8750 0.5220 0.0000
vt 0.6042 0.5625 0.0000
vt 0.5417 0.5000 0.0000
vt 0.4479 0.5000 0.0000
vt 0.5538 0.5555 0.0000
vt 0.8906 0.9219 0.0000
vt 0.9788 0.9848 0.0000
vt 1.0000 0.2235 0.0000
vt 0.5000 0.0550 0.0000
vt 0.8557 0.9354 0.0000
vt 0.9327 0.8920 0.0000
vt 0.5534 0.1578 0.0000
vt 0.6406 0.2117 0.0000
vt 0.5115 0.0974 0.0000
vt 0.6500 0.1091 0.0000
vt 0.0184 -0.0158 0.6722
vt 0.0143 -0.0194 0.6706
vt 0.0108 -0.0203 0.6607
vt 0.0156 -0.0179 0.6622
vt 0.0249 0.0025 0.6707
vt 0.0208 -0.0048 0.6601
vt -0.0204 -0.0156 0.6721
vt -0.0175 -0.0178 0.6621
vt -0.0128 -0.0202 0.6606
vt -0.0163 -0.0192 0.6705
vt -0.0268 0.0032 0.6618
vt 0.0063 -0.0261 0.6556
vt -0.0010 -0.0271 0.6547
vt -0.0009 -0.0248 0.6441
vt 0.0077 0.0224 0.6667
vt -0.0028 0.0237 0.6617
vt -0.0086 0.0186 0.6750
vt 0.0150 0.0131 0.6891
vt 0.0235 0.0113 0.6670
vt 0.0035 -0.0231 0.6443
vt -0.0052 -0.0230 0.6442
vt -0.0207 0.0338 0.6496
vt -0.0183 0.0176 0.6682
vt -0.0224 0.0075 0.6919
vt -0.0082 -0.0260 0.6555
vt -0.0252 0.0115 0.6669
vt -0.0270 -0.0005 0.6836
vt 0.0250 0.0030 0.6620
vt 0.0095 -0.0222 0.6453
vt 0.0105 -0.0195 0.6365
vt -0.0122 -0.0195 0.6364
vt -0.0113 -0.0221 0.6452
vt -0.0008 -0.0218 0.6323
vt 0.0040 -0.0247 0.6335
vt 0.0090 -0.0238 0.6339
vt 0.0271 -0.0141 0.6375
vt 0.0340 0.0227 0.6575
vt 0.0192 0.0336 0.6498
vt 0.0420 0.0041 0.6524
vt -0.0057 -0.0247 0.6334
vt -0.0437 0.0044 0.6521
vt -0.0107 -0.0237 0.6338
vt -0.0357 0.0229 0.6572
vt -0.0008 -0.0258 0.6313
vt 0.0170 -0.0465 0.7163
vt 0.0157 -0.0483 0.7177
vt 0.0148 -0.0471 0.7178
vt 0.0155 -0.0465 0.7164
vt 0.0165 -0.0459 0.7160
vt 0.0114 -0.0489 0.7155
vt 0.0114 -0.0494 0.7155
vt 0.0140 -0.0483 0.7122
vt 0.0114 -0.0491 0.7101
vt 0.0154 -0.0477 0.7152
vt 0.0095 -0.0489 0.7157
vt 0.0079 -0.0496 0.7162
vt 0.0051 -0.0501 0.7153
vt 0.0068 -0.0477 0.7164
vt 0.0063 -0.0487 0.7164
vt -0.0013 -0.0557 0.7212
vt 0.0007 -0.0548 0.7196
vt -0.0001 -0.0555 0.7237
vt -0.0013 -0.0559 0.7238
vt 0.0157 -0.0480 0.7182
vt 0.0139 -0.0493 0.7189
vt 0.0173 -0.0461 0.7166
vt 0.0034 -0.0498 0.7146
vt 0.0155 -0.0480 0.7056
vt 0.0029 -0.0608 0.7025
vt 0.0003 -0.0628 0.7003
vt 0.0052 -0.0578 0.7017
vt 0.0017 -0.0635 0.7026
vt 0.0008 -0.0627 0.7051
vt 0.0042 -0.0544 0.6987
vt 0.0055 -0.0530 0.6994
vt 0.0085 -0.0527 0.6947
vt 0.0059 -0.0536 0.7203
vt 0.0067 -0.0496 0.7193
vt 0.0083 -0.0502 0.7204
vt 0.0054 -0.0497 0.7181
vt 0.0178 -0.0462 0.7165
vt 0.0175 -0.0483 0.7182
vt 0.0158 -0.0502 0.7205
vt 0.0089 -0.0537 0.7213
vt 0.0051 -0.0495 0.7162
vt 0.0087 -0.0547 0.7228
vt 0.0197 -0.0454 0.7068
vt 0.0172 -0.0450 0.7155
vt 0.0016 -0.0555 0.6990
vt -0.0028 -0.0628 0.7003
vt -0.0048 -0.0605 0.7013
vt -0.0040 -0.0555 0.6990
vt -0.0077 -0.0578 0.7016
vt -0.0066 -0.0544 0.6986
vt -0.0026 -0.0561 0.6991
vt -0.0012 -0.0560 0.6987
vt 0.0002 -0.0562 0.6991
vt 0.0054 -0.0521 0.7077
vt 0.0006 -0.0605 0.7076
vt -0.0013 -0.0555 0.7260
vt 0.0212 -0.0426 0.7158
vt 0.0179 -0.0448 0.7156
vt 0.0212 -0.0426 0.7143
vt -0.0080 -0.0496 0.7180
vt -0.0110 -0.0502 0.7203
vt -0.0122 -0.0502 0.7190
vt -0.0069 -0.0501 0.7167
vt -0.0123 -0.0484 0.7191
vt -0.0092 -0.0477 0.7175
vt -0.0076 -0.0491 0.7164
vt -0.0094 -0.0477 0.7163
vt -0.0089 -0.0486 0.7164
vt -0.0075 -0.0495 0.7165
vt -0.0183 -0.0463 0.7163
vt -0.0180 -0.0464 0.7164
vt -0.0174 -0.0470 0.7176
vt -0.0183 -0.0463 0.7162
vt -0.0181 -0.0464 0.7163
vt -0.0182 -0.0466 0.7161
vt -0.0140 -0.0488 0.7154
vt -0.0174 -0.0476 0.7157
vt -0.0140 -0.0494 0.7154
vt -0.0121 -0.0495 0.7156
vt -0.0143 -0.0502 0.7194
vt -0.0142 -0.0501 0.7189
vt -0.0165 -0.0493 0.7188
vt -0.0166 -0.0494 0.7183
vt -0.0183 -0.0480 0.7180
vt -0.0183 -0.0482 0.7175
vt -0.0077 -0.0501 0.7153
vt -0.0067 -0.0498 0.7149
vt -0.0061 -0.0500 0.7163
vt -0.0071 -0.0501 0.7160
vt -0.0077 -0.0495 0.7162
vt -0.0137 -0.0496 0.7051
vt -0.0081 -0.0528 0.7033
vt -0.0051 -0.0507 0.7150
vt -0.0139 -0.0495 0.7128
vt -0.0055 -0.0502 0.7169
vt -0.0080 -0.0529 0.6994
vt -0.0054 -0.0607 0.7025
vt -0.0033 -0.0627 0.7051
vt -0.0035 -0.0640 0.7027
vt -0.0013 -0.0609 0.7079
vt -0.0131 -0.0509 0.6956
vt -0.0144 -0.0505 0.7191
vt -0.0167 -0.0496 0.7183
vt -0.0186 -0.0482 0.7176
vt -0.0109 -0.0527 0.6946
vt 0.0011 -0.0559 0.7239
vt 0.0016 -0.0556 0.7262
vt -0.0160 -0.0478 0.7184
vt -0.0213 -0.0458 0.7165
vt -0.0177 -0.0499 0.7189
vt -0.0237 -0.0425 0.7156
vt 0.0282 -0.0329 0.7116
vt 0.0199 -0.0475 0.7212
vt -0.0233 -0.0443 0.7073
vt 0.0115 -0.0488 0.7190
vt -0.0076 -0.0491 0.7163
vt -0.0062 -0.0547 0.7202
vt -0.0114 -0.0546 0.7227
vt -0.0150 -0.0520 0.7210
vt 0.0075 -0.0541 0.7301
vt -0.0184 -0.0502 0.7203
vt -0.0226 -0.0474 0.7210
vt -0.0160 -0.0460 0.7445
vt 0.0179 -0.0453 0.7159
vt 0.0176 -0.0453 0.7159
vt 0.0156 -0.0473 0.7124
vt -0.0302 -0.0258 0.7194
vt -0.0031 -0.0605 0.7075
vt -0.0033 -0.0548 0.7195
vt -0.0013 -0.0548 0.7195
vt -0.0057 -0.0502 0.7174
vt -0.0055 -0.0509 0.7176
vt -0.0088 -0.0523 0.7198
vt -0.0054 -0.0521 0.7179
vt 0.0047 -0.0502 0.7183
vt 0.0029 -0.0509 0.7177
vt 0.0031 -0.0502 0.7175
vt 0.0026 -0.0535 0.7184
vt 0.0028 -0.0521 0.7179
vt -0.0052 -0.0509 0.7173
vt -0.0036 -0.0547 0.7178
vt 0.0020 -0.0534 0.7175
vt 0.0021 -0.0528 0.7175
vt 0.0006 -0.0554 0.7160
vt 0.0015 -0.0541 0.7162
vt -0.0013 -0.0560 0.7159
vt -0.0061 -0.0500 0.7168
vt 0.0029 -0.0502 0.7164
vt 0.0012 -0.0545 0.7184
vt 0.0026 -0.0509 0.7173
vt 0.0022 -0.0521 0.7166
vt 0.0169 -0.0235 0.6758
vt -0.0010 -0.0354 0.6679
vt -0.0170 -0.0264 0.6743
vt 0.0014 -0.0552 0.6899
vt 0.0040 -0.0535 0.6895
vt 0.0049 -0.0542 0.6895
vt 0.0025 -0.0561 0.6905
vt 0.0093 -0.0509 0.6890
vt 0.0080 -0.0525 0.6896
vt 0.0062 -0.0510 0.6890
vt 0.0085 -0.0500 0.6892
vt -0.0012 -0.0581 0.6921
vt -0.0035 -0.0581 0.6932
vt -0.0012 -0.0571 0.6902
vt 0.0011 -0.0581 0.6932
vt 0.0059 -0.0553 0.6905
vt -0.0001 -0.0543 0.6899
vt 0.0034 -0.0531 0.6898
vt 0.0060 -0.0509 0.6897
vt 0.0080 -0.0492 0.6895
vt 0.0080 -0.0490 0.6891
vt 0.0100 -0.0517 0.6903
vt 0.0068 -0.0501 0.6891
vt 0.0076 -0.0509 0.6889
vt 0.0022 -0.0557 0.6889
vt 0.0017 -0.0541 0.6901
vt -0.0012 -0.0550 0.6894
vt -0.0012 -0.0566 0.6884
vt 0.0161 -0.0422 0.6862
vt 0.0153 -0.0459 0.6854
vt 0.0127 -0.0458 0.6786
vt 0.0233 -0.0267 0.6821
vt 0.0073 -0.0519 0.6726
vt 0.0067 -0.0491 0.6703
vt 0.0031 -0.0558 0.6758
vt 0.0072 -0.0531 0.6761
vt 0.0026 -0.0542 0.6828
vt 0.0063 -0.0534 0.6871
vt 0.0030 -0.0566 0.6860
vt 0.0096 -0.0494 0.6799
vt 0.0054 -0.0535 0.6892
vt -0.0012 -0.0570 0.6859
vt -0.0011 -0.0540 0.6836
vt 0.0101 -0.0512 0.6881
vt 0.0043 -0.0525 0.6901
vt 0.0032 -0.0547 0.6720
vt 0.0114 -0.0505 0.6866
vt 0.0083 -0.0514 0.6886
vt 0.0086 -0.0481 0.6883
vt 0.0037 -0.0514 0.6896
vt -0.0012 -0.0530 0.6891
vt -0.0040 -0.0540 0.6901
vt 0.0093 -0.0513 0.6852
vt 0.0222 -0.0133 0.6857
vt 0.0090 -0.0487 0.6903
vt 0.0177 -0.0443 0.6947
vt 0.0028 -0.0519 0.6699
vt 0.0136 -0.0453 0.7459
vt 0.0146 -0.0400 0.7506
vt -0.0015 -0.0467 0.7529
vt 0.0306 -0.0013 0.7333
vt -0.0073 -0.0542 0.6894
vt -0.0063 -0.0535 0.6895
vt -0.0116 -0.0509 0.6889
vt -0.0108 -0.0499 0.6891
vt -0.0086 -0.0509 0.6889
vt -0.0104 -0.0525 0.6895
vt -0.0083 -0.0552 0.6905
vt -0.0057 -0.0531 0.6898
vt -0.0084 -0.0508 0.6896
vt -0.0103 -0.0489 0.6890
vt -0.0103 -0.0491 0.6894
vt -0.0123 -0.0517 0.6902
vt -0.0113 -0.0486 0.6902
vt -0.0106 -0.0513 0.6885
vt -0.0099 -0.0508 0.6888
vt -0.0046 -0.0557 0.6889
vt -0.0183 -0.0421 0.6860
vt -0.0239 -0.0341 0.6834
vt -0.0149 -0.0457 0.6785
vt -0.0176 -0.0458 0.6853
vt -0.0095 -0.0519 0.6726
vt -0.0089 -0.0491 0.6702
vt -0.0049 -0.0542 0.6828
vt -0.0094 -0.0531 0.6760
vt -0.0054 -0.0557 0.6758
vt -0.0160 -0.0485 0.6857
vt -0.0077 -0.0535 0.6892
vt -0.0053 -0.0566 0.6859
vt -0.0124 -0.0512 0.6880
vt -0.0067 -0.0525 0.6901
vt -0.0054 -0.0546 0.6720
vt -0.0137 -0.0505 0.6865
vt -0.0116 -0.0512 0.6851
vt -0.0091 -0.0501 0.6891
vt -0.0060 -0.0513 0.6896
vt -0.0157 -0.0497 0.6911
vt -0.0201 -0.0442 0.6945
vt -0.0110 -0.0480 0.6882
vt -0.0049 -0.0519 0.6699
vt -0.0174 -0.0399 0.7505
vt -0.0290 0.0044 0.7148
vt 0.0264 -0.0154 0.6961
vt 0.0272 -0.0285 0.7394
vt -0.0299 -0.0284 0.7392
vt 0.0258 -0.0132 0.6956
vt -0.0323 -0.0155 0.7419
vt -0.0243 -0.0132 0.6855
vt -0.0254 -0.0266 0.6819
vt -0.0089 0.0168 0.6876
vt -0.0214 -0.0201 0.6789
vt 0.0066 -0.0477 0.7175
vt 0.0066 -0.0477 0.7176
vt 0.0080 -0.0479 0.7182
vt 0.2962 0.7840 0.0000
vt 0.2500 0.9000 0.0000
vt 0.2333 0.8667 0.0000
vt 0.5333 0.8667 0.0000
vt 0.5500 0.9000 0.0000
vt 0.7333 0.8667 0.0000
vt 0.7500 0.9000 0.0000
vt 0.7000 1.0000 0.0000
vt 0.0000 0.8000 0.0000
vt 0.0000 0.7000 0.0000
vt 0.0500 0.7000 0.0000
vt 0.0948 0.7958 0.0000
vt 0.1000 0.7000 0.0000
vt 0.1500 0.7000 0.0000
vt 0.2454 0.7917 0.0000
vt 0.1947 0.7958 0.0000
vt 0.1996 0.7000 0.0000
vt 0.2517 0.7839 0.0000
vt 0.4000 0.7000 0.0000
vt 0.4408 0.6167 0.0000
vt 0.4500 0.6250 0.0000
vt 0.4500 0.7000 0.0000
vt 0.3500 0.7000 0.0000
vt 0.3458 0.7917 0.0000
vt 0.3500 0.6250 0.0000
vt 0.3119 0.6917 0.0000
vt 0.3948 0.7958 0.0000
vt 0.4948 0.7958 0.0000
vt 0.5000 0.7000 0.0000
vt 0.5500 0.7000 0.0000
vt 0.5500 0.6250 0.0000
vt 0.7000 0.7000 0.0000
vt 0.7079 0.6376 0.0000
vt 0.7491 0.5950 0.0000
vt 0.7500 0.7000 0.0000
vt 0.6948 0.7958 0.0000
vt 0.8127 0.5352 0.0000
vt 0.7882 0.5032 0.0000
vt 0.7866 0.4947 0.0000
vt 0.8002 0.4988 0.0000
vt 1.0000 0.7000 0.0000
vt 1.0000 0.8000 0.0000
vt 0.9458 0.7917 0.0000
vt 0.9577 0.7285 0.0000
vt 0.0500 0.4534 0.0000
vt 0.0500 0.5051 0.0000
vt 0.0000 0.5087 0.0000
vt 0.0186 0.4809 0.0000
vt 0.1210 0.4350 0.0000
vt 0.1342 0.4602 0.0000
vt 0.0960 0.4932 0.0000
vt 0.2586 0.5182 0.0000
vt 0.2028 0.5048 0.0000
vt 0.2041 0.4168 0.0000
vt 0.2198 0.3885 0.0000
vt 0.8018 0.4208 0.0000
vt 0.7463 0.4800 0.0000
vt 0.7235 0.4200 0.0000
vt 0.7361 0.4050 0.0000
vt 0.9000 0.4113 0.0000
vt 0.9000 0.4450 0.0000
vt 0.8501 0.4456 0.0000
vt 0.9500 0.4487 0.0000
vt 0.9500 0.4122 0.0000
vt 1.0000 0.4000 0.0000
vt 0.3125 0.5955 0.0000
vt 0.3500 0.6000 0.0000
vt 0.4000 0.6000 0.0000
vt 0.4500 0.6000 0.0000
vt 0.5000 0.6000 0.0000
vt 0.5500 0.6000 0.0000
vt 0.6000 0.6000 0.0000
vt 0.6999 0.5992 0.0000
vt 0.6500 0.6250 0.0000
vt 0.6500 0.6000 0.0000
vt 0.6017 0.5890 0.0000
vt 0.6875 0.5750 0.0000
vt 0.0000 0.4000 0.0000
vt 0.0500 0.4000 0.0000
vt 0.0948 0.4000 0.0000
vt 0.1283 0.4087 0.0000
vt 0.0946 0.4121 0.0000
vt 0.1152 0.4018 0.0000
vt 0.1564 0.4000 0.0000
vt 0.1293 0.4000 0.0000
vt 0.1271 0.4000 0.0000
vt 0.3000 0.4205 0.0000
vt 0.3000 0.4819 0.0000
vt 0.3000 0.4888 0.0000
vt 0.3000 0.5581 0.0000
vt 0.2500 0.4000 0.0000
vt 0.2125 0.4000 0.0000
vt 0.7000 0.5000 0.0000
vt 0.7040 0.4250 0.0000
vt 0.7000 0.4250 0.0000
vt 0.7248 0.4000 0.0000
vt 0.7159 0.4000 0.0000
vt 0.7160 0.4000 0.0000
vt 0.7040 0.4000 0.0000
vt 0.8040 0.4000 0.0000
vt 0.8500 0.4000 0.0000
vt 0.9000 0.4000 0.0000
vt 0.9500 0.4000 0.0000
vt 0.3000 0.5479 0.0000
vt 0.3000 0.5819 0.0000
vt 0.3000 0.5888 0.0000
vt 0.3125 0.5972 0.0000
vt 0.2994 0.5943 0.0000
vt 0.2968 0.5679 0.0000
vt 0.2976 0.5971 0.0000
vt 0.3075 0.6137 0.0000
vt 0.2971 0.6159 0.0000
vt 0.2841 0.6171 0.0000
vt 0.2873 0.5766 0.0000
vt 0.2222 0.4000 0.0000
vt 0.2875 0.4000 0.0000
vt 0.2699 0.4000 0.0000
vt 0.1948 0.4000 0.0000
vt 0.1943 0.4000 0.0000
vt 0.2000 0.4000 0.0000
vt 0.3000 0.4222 0.0000
vt 0.3000 0.4000 0.0000
vt 0.1614 0.3975 0.0000
vt 0.1737 0.4252 0.0000
vt 0.1525 0.4151 0.0000
vt 0.1771 0.4000 0.0000
vt 0.1793 0.4000 0.0000
vt 0.1526 0.5010 0.0000
vt 0.1007 0.5398 0.0000
vt 0.1507 0.6002 0.0000
vt 0.0000 0.5544 0.0000
vt 0.9000 0.5450 0.0000
vt 0.9000 0.4925 0.0000
vt 0.9500 0.4980 0.0000
vt 0.9500 0.5487 0.0000
vt 0.8501 0.5456 0.0000
vt 0.8502 0.4933 0.0000
vt 0.8224 0.4961 0.0000
vt 0.7660 0.4000 0.0000
vt 0.7406 0.4000 0.0000
vt 0.7368 0.4000 0.0000
vt 0.7662 0.4000 0.0000
vt 0.7544 0.4000 0.0000
vt 0.7610 0.4200 0.0000
vt 0.7071 0.4000 0.0000
vt 0.7278 0.4000 0.0000
vt 0.7000 0.4000 0.0000
vt 0.7059 0.4238 0.0000
vt 0.7072 0.4000 0.0000
vt 0.7162 0.4000 0.0000
vt 0.7283 0.4000 0.0000
vt 0.7251 0.4000 0.0000
vt 0.7321 0.4000 0.0000
vt 0.4167 0.6667 0.0000
vt 0.4167 0.5000 0.0000
vt 0.5000 0.6667 0.0000
vt 0.5833 0.5000 0.0000
vt 0.5833 0.6667 0.0000
vt 0.6667 0.5000 0.0000
vt 0.2500 0.3333 0.0000
vt 0.3333 0.3333 0.0000
vt 0.3333 0.5000 0.0000
vt 0.4167 0.3333 0.0000
vt 0.5833 0.3333 0.0000
vt 0.6667 0.3333 0.0000
vt 0.2500 0.1667 0.0000
vt 0.3333 0.1667 0.0000
vt 0.4167 0.1667 0.0000
vt 0.5000 0.1667 0.0000
vt 0.5833 0.1667 0.0000
vt 0.6667 0.1667 0.0000
vt 0.6667 1.0000 0.0000
vt 0.6667 0.8667 0.0000
vt 0.2667 0.8667 0.0000
vt 0.2203 0.8874 0.0000
vt 0.3333 0.7333 0.0000
vt 0.3333 0.8667 0.0000
vt 0.4000 0.7333 0.0000
vt 0.6485 0.8483 0.0000
vt 0.7333 0.7333 0.0000
vt 0.9333 0.8667 0.0000
vt 1.0000 0.7333 0.0000
vt 1.0000 0.8667 0.0000
vt 0.3333 0.4667 0.0000
vt 0.3333 0.6000 0.0000
vt 0.5333 0.4667 0.0000
vt 0.5333 0.6000 0.0000
vt 0.7333 0.4667 0.0000
vt 0.8000 0.6000 0.0000
vt 0.7333 0.6000 0.0000
vt 0.0000 0.8667 0.0000
vt 0.0000 0.7333 0.0000
vt 0.0667 0.7333 0.0000
vt 0.0667 0.8667 0.0000
vt 0.1333 0.7333 0.0000
vt 0.1333 0.8667 0.0000
vt 0.2000 0.7333 0.0000
vt 0.2000 0.8667 0.0000
vt 0.2667 0.7333 0.0000
vt 0.4000 0.8667 0.0000
vt 0.4667 0.7333 0.0000
vt 0.4667 0.8667 0.0000
vt 0.5333 0.7333 0.0000
vt 0.6000 0.7333 0.0000
vt 0.6000 0.8667 0.0000
vt 0.6667 0.7333 0.0000
vt 0.8000 0.7333 0.0000
vt 0.8000 0.8667 0.0000
vt 0.8667 0.7333 0.0000
vt 0.8667 0.8667 0.0000
vt 0.9333 0.7333 0.0000
vt 0.9333 0.6000 0.0000
vt 1.0000 0.6000 0.0000
vt 0.9665 0.7333 0.0000
vt 0.1333 1.0000 0.0000
vt 0.3333 1.0000 0.0000
vt 0.5333 1.0000 0.0000
vt 0.7333 1.0000 0.0000
vt 0.9333 1.0000 0.0000
vt 0.1333 0.4667 0.0000
vt 0.1333 0.6000 0.0000
vt 0.2000 0.6000 0.0000
vt 0.2000 0.4667 0.0000
vt 0.2667 0.6000 0.0000
vt 0.2667 0.4667 0.0000
vt 0.4000 0.4667 0.0000
vt 0.4667 0.6000 0.0000
vt 0.4667 0.4667 0.0000
vt 0.6000 0.4667 0.0000
vt 0.6667 0.6000 0.0000
vt 0.6667 0.4667 0.0000
vt 0.8000 0.4667 0.0000
vt 0.8667 0.6000 0.0000
vt 0.8667 0.4667 0.0000
vt 0.9333 0.4667 0.0000
vt 0.1719 0.3281 0.0000
vt 0.1563 0.2188 0.0000
vt 0.8125 0.4375 0.0000
vt 0.7969 0.5469 0.0000
vt 0.5000 0.9688 0.0000
vt 0.2222 0.9444 0.0000
vt 0.5000 0.7813 0.0000
vt 0.2620 0.2856 0.0000
vt 0.5000 0.4688 0.0000
vt 0.8750 0.2500 0.0000
vt 0.8750 0.5000 0.0000
vt 0.0880 0.7610 0.0000
vt 0.1250 1.0000 0.0000
vt 0.1250 0.5000 0.0000
vt 0.5469 0.1406 0.0000
vt 0.5340 0.1263 0.0000
vt 0.3125 0.3125 0.0000
vt 0.0316 0.9684 0.0000
vt 0.2188 0.9063 0.0000
vt 0.6250 0.5000 0.0000
vt 0.7500 1.0000 0.0000
vt 0.6250 1.0000 0.0000
vt 0.7057 0.8553 0.0000
vt 0.9375 0.0625 0.0000
vt 0.8438 0.2188 0.0000
vt 0.8594 0.1094 0.0000
vt 0.5625 0.1250 0.0000
vt 0.4531 0.1406 0.0000
vt 0.6875 0.3125 0.0000
vt 0.8164 0.8477 0.0000
vt 0.8906 0.7656 0.0000
vt 0.5625 0.4375 0.0000
vt 0.1836 0.8477 0.0000
vt 0.3441 0.5126 0.0000
vt 1.0144 0.5375 0.0000
vt 0.2031 0.5469 0.0000
vt 0.1400 0.6900 0.0000
vt 0.0625 0.0625 0.0000
vt 0.2847 0.0486 0.0000
vt 0.1406 0.1094 0.0000
vt 0.7153 0.0486 0.0000
vt 0.8750 0.5313 0.0000
vt 0.1250 0.5313 0.0000
vt 0.7778 0.8056 0.0000
vt 0.7778 0.9444 0.0000
vt 0.1094 0.7656 0.0000
vt 0.2222 0.8056 0.0000
vt 0.2619 0.2854 0.0000
vt 0.3750 1.0000 0.0000
vt 0.4375 0.1250 0.0000
vt 0.1875 0.1875 0.0000
vt 0.4245 0.1108 0.0000
vt 0.7050 0.8530 0.0000
vt 0.4356 0.4159 0.0000
vt 1.2016 0.3526 0.0000
# 1009 texture coords

g Box01
usemtl 03___Default
s 1
f 1/1/1 2/2/2 3/3/3 4/4/4 
f 2/2/2 5/5/5 6/6/6 3/3/3 
f 7/7/7 8/8/8 3/9/3 6/10/6 
f 8/8/8 9/11/9 4/12/4 3/9/3 
f 9/11/9 8/8/8 10/13/10 11/14/11 
f 8/8/8 7/7/7 12/15/12 10/13/10 
f 10/13/10 12/15/12 13/16/13 
f 5/1/5 14/17/14 15/18/15 6/4/6 
f 14/17/14 16/19/16 15/20/15 
f 17/21/17 7/11/7 6/12/6 15/22/15 
f 17/23/17 12/24/12 7/11/7 
f 18/25/18 13/26/13 12/24/12 17/23/17 
f 13/26/13 18/25/18 19/27/19 20/28/20 
f 21/29/21 22/30/22 23/31/23 19/27/19 
f 24/32/24 20/28/20 19/27/19 23/31/23 
f 25/33/25 26/34/26 27/35/27 28/36/28 
f 24/37/24 23/38/23 27/35/27 
f 23/38/23 22/39/22 28/36/28 27/35/27 
f 25/33/25 28/36/28 29/40/29 30/33/30 
f 28/36/28 22/39/22 31/39/31 29/40/29 
f 29/40/29 31/39/31 32/41/32 
f 29/40/29 33/33/33 30/33/30 
f 22/30/22 21/29/21 34/42/34 31/42/31 
f 21/29/21 19/42/19 35/42/35 34/42/34 
f 24/37/24 27/43/27 36/44/36 
f 27/43/27 26/5/26 37/8/37 36/44/36 
f 38/45/38 39/46/39 36/44/36 37/8/37 
f 24/37/24 36/44/36 39/46/39 
f 26/37/26 40/47/40 41/48/41 37/42/37 
f 40/47/40 11/16/11 42/49/42 41/48/41 
f 43/50/43 44/51/44 41/48/41 42/49/42 
f 44/51/44 38/45/38 37/42/37 41/48/41 
f 11/26/11 10/52/10 45/49/45 42/26/42 
f 10/52/10 13/16/13 46/16/46 45/49/45 
f 45/49/45 43/50/43 42/26/42 
f 20/48/20 46/49/46 13/26/13 
f 24/53/24 39/46/39 47/42/47 48/54/48 
f 39/46/39 38/45/38 49/55/49 47/42/47 
f 47/42/47 49/55/49 50/55/50 51/42/51 
f 47/42/47 52/54/52 48/54/48 
f 44/56/44 49/55/49 38/45/38 
f 44/56/44 50/55/50 49/55/49 
f 45/49/45 46/57/46 53/58/53 54/49/54 
f 46/57/46 20/59/20 55/60/55 53/58/53 
f 20/59/20 24/53/24 48/54/48 55/60/55 
f 55/60/55 48/54/48 52/54/52 56/60/56 
f 47/42/47 57/54/57 52/54/52 
f 43/61/43 45/49/45 54/49/54 58/61/58 
f 54/49/54 53/58/53 59/58/59 
f 53/58/53 55/60/55 56/60/56 59/58/59 
f 56/60/56 52/54/52 57/54/57 60/60/60 
f 57/54/57 47/42/47 51/42/51 
f 50/55/50 44/56/44 61/56/61 
f 44/56/44 43/61/43 58/61/58 61/56/61 
f 59/58/59 56/60/56 60/60/60 
f 62/62/62 63/63/63 64/64/64 
f 63/63/63 1/5/1 4/6/4 64/64/64 
f 4/10/4 65/65/65 64/66/64 
f 65/65/65 4/10/4 9/7/9 
f 11/16/11 66/67/66 65/68/65 9/15/9 
f 66/67/66 11/16/11 40/47/40 67/69/67 
f 67/69/67 40/47/40 26/37/26 25/70/25 
f 68/71/68 69/72/69 70/73/70 71/72/71 
f 69/72/69 62/62/62 64/74/64 70/73/70 
f 65/75/65 72/76/72 70/77/70 64/78/64 
f 72/76/72 65/75/65 66/79/66 
f 67/80/67 73/81/73 66/82/66 
f 73/81/73 67/80/67 25/83/25 
f 74/84/74 75/85/75 73/86/73 
f 73/87/73 25/83/25 30/83/30 74/84/74 
f 76/1/76 77/4/77 78/3/78 79/2/79 
f 80/6/80 81/5/81 79/2/79 78/3/78 
f 82/13/82 78/88/78 77/11/77 83/24/83 
f 78/89/78 82/90/82 84/10/84 80/91/80 
f 85/52/85 82/13/82 83/24/83 86/92/86 
f 87/16/87 88/15/88 82/13/82 85/52/85 
f 88/15/88 84/7/84 82/8/82 
f 81/1/81 80/4/80 89/18/89 90/17/90 
f 15/20/15 16/19/16 90/17/90 89/18/89 
f 80/93/80 84/12/84 91/22/91 89/94/89 
f 17/8/17 15/95/15 91/22/91 92/96/92 
f 89/94/89 91/22/91 15/95/15 
f 84/11/84 88/24/88 92/23/92 91/21/91 
f 88/24/88 87/26/87 93/25/93 92/23/92 
f 18/97/18 17/98/17 92/23/92 93/25/93 
f 87/26/87 94/28/94 95/27/95 93/25/93 
f 96/31/96 95/27/95 94/28/94 
f 95/27/95 96/31/96 97/30/97 
f 18/97/18 93/25/93 95/27/95 19/99/19 
f 98/34/98 99/100/99 100/43/100 101/5/101 
f 99/36/99 97/39/97 96/38/96 100/35/100 
f 102/40/102 99/36/99 98/33/98 
f 98/33/98 103/33/103 104/40/104 102/40/102 
f 105/41/105 106/39/106 102/40/102 104/40/104 
f 106/39/106 97/39/97 99/36/99 102/40/102 
f 97/30/97 106/42/106 107/42/107 95/29/95 
f 35/42/35 19/42/19 95/29/95 107/42/107 
f 96/37/96 108/37/108 109/44/109 100/43/100 
f 110/46/110 109/44/109 108/37/108 
f 111/45/111 112/8/112 109/44/109 110/46/110 
f 112/8/112 101/5/101 100/43/100 109/44/109 
f 101/37/101 112/42/112 113/48/113 114/47/114 
f 112/42/112 111/45/111 115/51/115 113/48/113 
f 116/50/116 86/49/86 113/48/113 115/51/115 
f 86/49/86 83/16/83 114/47/114 113/48/113 
f 86/26/86 116/50/116 85/49/85 
f 94/28/94 87/101/87 108/42/108 96/32/96 
f 108/53/108 117/54/117 118/42/118 110/46/110 
f 119/55/119 111/45/111 110/46/110 118/42/118 
f 111/45/111 119/55/119 115/56/115 
f 120/56/120 115/56/115 119/55/119 
f 115/56/115 120/56/120 116/61/116 
f 121/49/121 85/49/85 116/61/116 122/61/122 
f 85/49/85 121/49/121 87/58/87 
f 117/54/117 108/53/108 87/59/87 123/102/123 
f 124/55/124 119/55/119 118/42/118 125/42/125 
f 119/55/119 124/55/124 126/56/126 120/56/120 
f 127/61/127 122/61/122 120/56/120 126/56/126 
f 122/61/122 116/61/116 120/56/120 
f 122/61/122 127/61/127 128/49/128 121/49/121 
f 121/49/121 128/49/128 129/58/129 
f 87/58/87 121/58/121 123/60/123 
f 121/58/121 129/58/129 123/60/123 
f 117/54/117 130/54/130 125/42/125 118/42/118 
f 131/56/131 126/56/126 124/55/124 
f 132/61/132 127/61/127 126/56/126 131/56/131 
f 127/61/127 132/61/132 133/49/133 128/49/128 
f 134/58/134 129/58/129 128/49/128 133/49/133 
f 129/58/129 134/58/134 135/60/135 123/60/123 
f 130/54/130 117/54/117 123/60/123 135/60/135 
f 136/64/136 137/63/137 138/62/138 
f 77/6/77 76/5/76 137/63/137 136/64/136 
f 136/65/136 83/103/83 77/7/77 
f 101/37/101 114/47/114 73/69/73 98/104/98 
f 83/67/83 73/69/73 114/47/114 
f 136/74/136 138/62/138 71/72/71 70/73/70 
f 70/77/70 72/76/72 83/75/83 136/105/136 
f 72/106/72 66/107/66 73/82/73 
f 72/76/72 73/108/73 83/79/83 
f 73/86/73 75/85/75 139/84/139 
f 73/87/73 139/84/139 98/83/98 
usemtl 07___Default
f 140/109/140 141/110/141 142/2/142 143/2/143 
f 144/111/144 145/112/145 140/113/140 146/3/146 
f 145/112/145 147/93/147 141/4/141 140/113/140 
f 148/91/148 144/114/144 149/115/149 
f 146/3/146 149/115/149 144/114/144 
f 145/112/145 144/111/144 150/116/150 
f 147/117/147 145/118/145 150/119/150 
f 144/114/144 148/91/148 151/120/151 
f 144/121/144 151/120/151 152/122/152 
f 150/123/150 144/124/144 152/125/152 153/126/153 
f 154/26/154 150/127/150 153/128/153 155/129/155 
f 156/130/156 151/131/151 157/113/157 
f 148/4/148 157/113/157 151/131/151 
f 158/132/158 159/133/159 160/115/160 157/3/157 
f 159/133/159 161/5/161 160/6/160 
f 160/134/160 156/130/156 157/3/157 
f 156/135/156 152/136/152 151/137/151 
f 156/138/156 160/139/160 162/140/162 
f 163/141/163 164/142/164 165/16/165 166/143/166 
f 166/143/166 165/16/165 167/144/167 
f 168/113/168 160/4/160 161/1/161 169/145/169 
f 170/146/170 162/93/162 160/4/160 168/113/168 
f 171/115/171 168/3/168 172/147/172 
f 173/148/173 170/149/170 168/3/168 171/115/171 
f 170/150/170 174/151/174 175/152/175 
f 162/153/162 170/150/170 175/154/175 
f 170/149/170 173/148/173 176/155/176 174/151/174 
f 177/156/177 176/155/176 173/148/173 
f 176/155/176 177/156/177 178/157/178 
f 178/158/178 175/152/175 174/151/174 176/155/176 
f 179/159/179 180/160/180 164/161/164 
f 165/24/165 164/161/164 180/160/180 
f 164/162/164 181/163/181 182/141/182 179/13/179 
f 183/15/183 182/141/182 181/163/181 
f 184/16/184 185/164/185 182/141/182 183/15/183 
f 179/13/179 182/141/182 185/164/185 
f 165/26/165 180/160/180 186/165/186 167/166/167 
f 179/167/179 186/165/186 180/160/180 
f 186/165/186 179/167/179 187/168/187 
f 179/159/179 185/164/185 188/169/188 
f 185/164/185 184/16/184 188/170/188 
f 189/171/189 187/172/187 188/169/188 
f 179/167/179 188/169/188 187/172/187 
f 190/173/190 191/174/191 141/115/141 
f 191/174/191 142/5/142 141/6/141 
f 147/91/147 192/175/192 141/115/141 
f 190/3/190 141/115/141 192/175/192 193/176/193 
f 173/93/173 190/146/190 194/150/194 177/177/177 
f 193/178/193 194/150/194 190/146/190 
f 194/150/194 193/178/193 195/179/195 
f 194/154/194 178/180/178 177/177/177 
f 147/181/147 196/182/196 192/183/192 
f 196/182/196 195/179/195 193/178/193 192/183/192 
f 197/161/197 198/13/198 199/52/199 
f 199/184/199 184/26/184 183/24/183 197/161/197 
f 189/185/189 200/186/200 201/187/201 
f 184/26/184 199/184/199 202/188/202 203/26/203 
f 204/49/204 202/188/202 199/184/199 
f 205/49/205 206/188/206 202/188/202 204/49/204 
f 206/188/206 207/26/207 203/26/203 202/188/202 
f 199/52/199 198/189/198 208/44/208 204/49/204 
f 198/189/198 154/16/154 209/16/209 208/44/208 
f 210/16/210 211/44/211 208/44/208 209/16/209 
f 211/44/211 205/49/205 204/49/204 208/44/208 
f 155/190/155 209/191/209 154/26/154 
f 155/129/155 153/192/153 212/193/212 213/194/213 
f 213/195/213 210/196/210 209/191/209 155/190/155 
f 154/11/154 147/197/147 150/198/150 
f 214/11/214 152/199/152 156/200/156 166/201/166 
f 163/202/163 162/203/162 164/204/164 
f 166/205/166 156/206/156 162/203/162 163/202/163 
f 164/207/164 162/208/162 175/154/175 
f 178/157/178 215/209/215 181/210/181 
f 215/209/215 183/7/183 181/163/181 
f 164/162/164 175/211/175 181/210/181 
f 178/158/178 181/210/181 175/211/175 
f 197/212/197 194/154/194 195/179/195 
f 183/11/183 215/213/215 197/212/197 
f 215/213/215 178/180/178 194/154/194 197/212/197 
f 154/214/154 196/215/196 147/216/147 
f 198/205/198 197/217/197 196/215/196 154/214/154 
f 197/217/197 195/179/195 196/182/196 
f 191/174/191 190/173/190 216/218/216 
f 217/219/217 216/218/216 190/173/190 
f 190/220/190 173/1/173 218/8/218 217/219/217 
f 171/221/171 218/7/218 173/5/173 
f 172/147/172 168/222/168 169/223/169 
f 159/133/159 158/132/158 219/224/219 
f 158/132/158 157/225/157 220/226/220 219/224/219 
f 157/225/157 148/1/148 221/1/221 220/226/220 
f 148/5/148 149/227/149 222/2/222 221/2/221 
f 149/227/149 146/228/146 223/2/223 222/2/222 
f 146/228/146 140/109/140 143/2/143 223/2/223 
f 153/126/153 224/229/224 225/230/225 
f 153/231/153 225/230/225 226/232/226 
f 227/233/227 152/125/152 214/234/214 
f 224/229/224 153/126/153 152/125/152 227/233/227 
f 166/235/166 228/236/228 229/237/229 
f 166/238/166 229/237/229 214/239/214 
f 167/240/167 230/241/230 231/242/231 
f 228/236/228 166/235/166 167/243/167 231/242/231 
f 187/168/187 232/244/232 233/245/233 186/246/186 
f 230/247/230 167/248/167 186/246/186 233/245/233 
f 189/171/189 201/249/201 234/250/234 187/172/187 
f 187/172/187 234/250/234 232/244/232 
f 188/170/188 184/16/184 203/251/203 
f 188/252/188 203/251/203 207/253/207 
f 153/192/153 226/232/226 235/254/235 212/193/212 
f 212/193/212 235/254/235 236/255/236 
f 237/4/237 238/93/238 239/112/239 240/113/240 
f 241/111/241 242/3/242 240/113/240 239/112/239 
f 242/3/242 241/111/241 243/114/243 244/115/244 
f 238/117/238 245/256/245 246/119/246 239/118/239 
f 239/112/239 246/257/246 247/116/247 241/111/241 
f 241/111/241 247/116/247 243/121/243 
f 248/258/248 243/121/243 247/116/247 
f 243/121/243 248/258/248 249/122/249 250/259/250 
f 245/24/245 251/26/251 252/127/252 253/161/253 
f 253/161/253 252/127/252 254/260/254 
f 255/123/255 254/260/254 252/127/252 
f 256/234/256 257/261/257 254/262/254 
f 258/1/258 244/4/244 250/113/250 259/263/259 
f 244/4/244 243/93/243 250/131/250 
f 250/115/250 260/133/260 261/132/261 
f 262/91/262 263/6/263 250/115/250 264/264/264 
f 263/6/263 265/5/265 260/133/260 250/115/250 
f 250/130/250 249/138/249 264/139/264 
f 249/161/249 257/265/257 266/266/266 
f 257/267/257 256/268/256 267/238/267 
f 257/265/257 267/269/267 268/270/268 266/266/266 
f 266/266/266 268/270/268 269/271/269 
f 270/240/270 271/144/271 269/271/269 
f 266/202/266 269/272/269 271/204/271 264/203/264 
f 263/113/263 272/222/272 265/1/265 
f 273/149/273 274/3/274 263/113/263 
f 274/3/274 275/147/275 272/222/272 263/113/263 
f 275/147/275 274/3/274 276/115/276 
f 274/3/274 273/149/273 277/148/277 276/115/276 
f 276/273/276 277/274/277 278/6/278 279/5/279 
f 280/150/280 263/146/263 262/93/262 
f 280/151/280 273/149/273 263/146/263 
f 273/149/273 280/151/280 277/155/277 
f 281/158/281 277/155/277 280/151/280 
f 281/157/281 278/156/278 277/155/277 
f 282/167/282 283/275/283 271/160/271 284/165/284 
f 283/13/283 282/159/282 285/164/285 286/141/286 
f 286/141/286 285/164/285 287/16/287 288/276/288 
f 271/166/271 270/248/270 284/246/284 
f 289/168/289 282/167/282 284/165/284 
f 289/171/289 290/170/290 282/169/282 
f 290/170/290 287/16/287 285/164/285 282/169/282 
f 279/1/279 278/4/278 291/113/291 292/220/292 
f 292/173/292 291/3/291 293/115/293 
f 238/175/238 293/115/293 291/3/291 294/277/294 
f 238/91/238 237/6/237 293/115/293 
f 278/177/278 281/180/281 294/154/294 
f 291/146/291 278/150/278 294/178/294 
f 295/182/295 238/183/238 294/178/294 
f 238/183/238 295/182/295 245/181/245 
f 296/184/296 288/161/288 287/24/287 
f 296/52/296 295/13/295 288/161/288 
f 295/13/295 296/52/296 297/189/297 245/141/245 
f 245/141/245 297/189/297 251/16/251 
f 298/187/298 200/186/200 189/185/189 
f 189/278/189 289/171/289 299/249/299 298/187/298 
f 287/26/287 207/26/207 206/188/206 296/184/296 
f 205/49/205 300/49/300 206/188/206 
f 296/184/296 206/188/206 300/49/300 
f 296/52/296 300/49/300 211/44/211 297/189/297 
f 300/49/300 205/49/205 211/44/211 
f 210/16/210 301/16/301 211/44/211 
f 301/16/301 251/16/251 297/189/297 211/44/211 
f 251/26/251 301/191/301 302/190/302 252/129/252 
f 301/191/301 210/196/210 213/195/213 302/190/302 
f 212/279/212 303/193/303 302/190/302 213/195/213 
f 252/129/252 302/190/302 303/193/303 
f 245/11/245 253/280/253 246/198/246 
f 253/280/253 254/281/254 247/282/247 246/198/246 
f 248/283/248 247/284/247 254/285/254 257/7/257 
f 249/200/249 248/199/248 257/11/257 
f 264/203/264 271/204/271 262/286/262 
f 264/203/264 249/206/249 266/205/266 
f 280/154/280 262/208/262 271/207/271 283/212/283 
f 286/210/286 288/209/288 281/157/281 
f 281/158/281 280/152/280 283/211/283 286/210/286 
f 294/217/294 281/287/281 288/288/288 295/205/295 
f 237/5/237 304/5/304 305/289/305 293/174/293 
f 306/218/306 292/173/292 293/174/293 305/289/305 
f 307/8/307 279/1/279 292/220/292 
f 279/5/279 307/7/307 276/221/276 
f 308/223/308 272/222/272 275/147/275 
f 309/11/309 265/1/265 272/222/272 308/223/308 
f 265/5/265 309/8/309 260/290/260 
f 310/224/310 261/132/261 260/133/260 
f 261/132/261 310/224/310 259/226/259 250/225/250 
f 311/2/311 244/227/244 258/5/258 
f 312/2/312 242/228/242 244/227/244 311/2/311 
f 242/228/242 312/2/312 313/2/313 240/109/240 
f 304/2/304 237/1/237 240/109/240 313/2/313 
f 255/126/255 252/231/252 314/230/314 
f 315/232/315 314/230/314 252/231/252 
f 256/234/256 254/125/254 316/233/316 
f 255/229/255 316/233/316 254/125/254 
f 270/240/270 269/243/269 317/242/317 318/241/318 
f 268/236/268 317/242/317 269/243/269 
f 289/168/289 284/246/284 319/245/319 320/244/320 
f 284/246/284 270/248/270 318/247/318 319/245/319 
f 321/250/321 299/249/299 289/171/289 
f 320/244/320 321/250/321 289/172/289 
f 289/171/289 189/278/189 188/252/188 290/170/290 
f 207/251/207 287/16/287 290/170/290 188/252/188 
f 252/192/252 303/193/303 322/254/322 315/232/315 
f 303/193/303 212/279/212 236/255/236 322/254/322 
usemtl 13___Default
f 323/91/323 324/89/324 325/291/325 
f 326/7/326 327/292/327 324/89/324 323/91/323 
f 328/49/328 329/293/329 330/294/330 
f 331/295/331 328/49/328 330/296/330 
f 328/49/328 331/295/331 332/297/332 
f 329/293/329 328/49/328 332/298/332 
f 333/299/333 334/300/334 335/301/335 
f 336/302/336 337/303/337 338/304/338 
f 339/305/339 336/302/336 338/306/338 
f 336/302/336 339/305/339 326/307/326 
f 323/93/323 336/302/336 326/308/326 
f 336/302/336 323/93/323 325/1/325 
f 335/301/335 336/302/336 340/309/340 
f 335/310/335 341/311/341 342/312/342 336/302/336 
f 336/302/336 342/312/342 337/313/337 
f 341/311/341 335/310/335 343/314/343 342/312/342 
f 334/44/334 343/314/343 335/310/335 
f 343/315/343 337/313/337 342/312/342 
f 334/49/334 344/16/344 345/37/345 346/316/346 
f 344/188/344 347/317/347 348/318/348 
f 349/319/349 348/320/348 347/49/347 
f 350/321/350 351/322/351 347/323/347 352/324/352 
f 350/325/350 327/7/327 351/326/351 
f 353/327/353 354/328/354 351/329/351 
f 351/326/351 327/7/327 355/8/355 353/327/353 
f 356/8/356 355/11/355 327/11/327 
f 326/7/326 356/8/356 327/292/327 
f 356/8/356 326/7/326 331/330/331 
f 355/11/355 356/8/356 331/8/331 
f 331/330/331 326/8/326 357/331/357 
f 358/332/358 354/333/354 359/334/359 
f 358/42/358 359/334/359 332/335/332 
f 354/333/354 353/336/353 360/26/360 359/334/359 
f 353/336/353 355/337/355 361/338/361 360/26/360 
f 330/294/330 329/293/329 360/26/360 361/338/361 
f 329/293/329 332/335/332 359/334/359 360/26/360 
f 355/8/355 331/339/331 330/340/330 
f 361/338/361 355/8/355 330/296/330 
f 357/341/357 358/342/358 332/343/332 331/16/331 
f 362/344/362 363/2/363 364/2/364 338/5/338 
f 363/2/363 365/345/365 364/1/364 
f 366/91/366 367/6/367 338/346/338 
f 367/6/367 362/344/362 338/8/338 
f 368/10/368 366/91/366 338/347/338 337/348/337 
f 369/16/369 370/15/370 343/349/343 
f 337/44/337 343/349/343 370/15/370 
f 371/54/371 372/60/372 334/350/334 
f 372/60/372 369/16/369 343/59/343 334/350/334 
f 371/42/371 334/42/334 346/42/346 
f 373/26/373 374/56/374 344/351/344 
f 345/32/345 344/351/344 374/56/374 
f 375/24/375 373/26/373 344/51/344 348/352/348 
f 376/93/376 377/12/377 349/353/349 
f 348/188/348 349/353/349 377/12/377 
f 365/345/365 378/4/378 364/354/364 
f 378/4/378 376/93/376 349/355/349 364/354/364 
f 326/307/326 339/305/339 379/356/379 357/357/357 
f 339/305/339 338/32/338 380/358/380 379/356/379 
f 358/359/358 357/357/357 379/356/379 380/358/380 
f 380/360/380 354/361/354 358/362/358 
f 380/360/380 338/363/338 364/1/364 354/364/354 
f 354/365/354 364/366/364 349/367/349 
f 349/368/349 347/323/347 351/322/351 354/365/354 
f 325/369/325 381/370/381 382/371/382 383/372/383 
f 325/373/325 324/374/324 381/375/381 
f 324/374/324 327/11/327 381/376/381 
f 350/377/350 381/378/381 327/7/327 
f 384/379/384 382/371/382 381/378/381 350/377/350 
f 347/380/347 344/381/344 352/382/352 
f 385/383/385 352/382/352 344/381/344 
f 350/384/350 352/382/352 385/383/385 
f 350/384/350 385/385/385 333/386/333 386/387/386 
f 385/385/385 344/7/344 334/388/334 333/386/333 
f 340/389/340 383/372/383 387/390/387 388/391/388 
f 383/372/383 382/371/382 384/379/384 387/390/387 
f 350/384/350 386/387/386 387/390/387 384/379/384 
f 386/387/386 333/392/333 388/391/388 387/390/387 
f 383/372/383 340/389/340 336/393/336 325/369/325 
f 333/299/333 335/394/335 340/309/340 388/395/388 
f 389/91/389 390/291/390 391/89/391 
f 392/7/392 389/91/389 391/89/391 393/292/393 
f 394/49/394 395/294/395 396/293/396 
f 397/295/397 395/296/395 394/49/394 
f 394/49/394 398/297/398 397/295/397 
f 396/293/396 398/298/398 394/49/394 
f 399/299/399 400/301/400 401/300/401 
f 402/302/402 403/304/403 404/303/404 
f 405/305/405 403/306/403 402/302/402 
f 402/302/402 392/307/392 405/305/405 
f 389/93/389 392/308/392 402/302/402 
f 402/302/402 390/1/390 389/93/389 
f 400/301/400 406/309/406 402/302/402 
f 400/310/400 402/302/402 407/312/407 408/311/408 
f 402/302/402 404/313/404 407/312/407 
f 408/311/408 407/312/407 401/314/401 400/310/400 
f 401/315/401 407/312/407 404/313/404 
f 401/396/401 409/16/409 399/7/399 
f 410/397/410 411/398/411 409/399/409 412/400/412 
f 411/321/411 410/323/410 413/322/413 
f 411/325/411 413/326/413 393/7/393 
f 414/327/414 413/329/413 415/328/415 
f 413/326/413 414/327/414 416/8/416 393/7/393 
f 417/8/417 393/11/393 416/11/416 
f 392/7/392 393/292/393 417/8/417 
f 417/8/417 397/330/397 392/7/392 
f 416/11/416 397/8/397 417/8/417 
f 397/330/397 418/331/418 392/8/392 
f 419/332/419 420/334/420 415/333/415 
f 419/42/419 398/335/398 420/334/420 
f 415/333/415 420/334/420 421/26/421 414/336/414 
f 414/336/414 421/26/421 422/338/422 416/337/416 
f 395/294/395 422/338/422 421/26/421 396/293/396 
f 396/293/396 421/26/421 420/334/420 398/335/398 
f 416/8/416 395/340/395 397/339/397 
f 422/338/422 395/296/395 416/8/416 
f 418/341/418 397/16/397 398/343/398 419/342/419 
f 423/344/423 403/5/403 424/2/424 425/2/425 
f 425/2/425 424/1/424 426/345/426 
f 427/91/427 403/346/403 428/6/428 
f 428/6/428 403/8/403 423/344/423 
f 429/10/429 404/348/404 403/347/403 427/91/427 
f 430/16/430 401/349/401 431/15/431 
f 404/44/404 431/15/431 401/349/401 
f 401/401/401 432/402/432 433/37/433 409/37/409 
f 432/60/432 401/59/401 430/16/430 
f 434/55/434 409/42/409 435/42/435 
f 433/42/433 435/42/435 409/42/409 
f 436/26/436 409/351/409 437/56/437 
f 437/56/437 409/32/409 434/55/434 
f 438/24/438 412/352/412 409/51/409 436/26/436 
f 439/93/439 410/353/410 440/12/440 
f 412/188/412 440/12/440 410/353/410 
f 426/345/426 424/354/424 441/4/441 
f 441/4/441 424/354/424 410/355/410 439/93/439 
f 392/307/392 418/357/418 442/356/442 405/305/405 
f 405/305/405 442/356/442 443/358/443 403/32/403 
f 419/359/419 443/358/443 442/356/442 418/357/418 
f 443/360/443 419/362/419 415/361/415 
f 443/403/443 424/404/424 403/5/403 
f 415/361/415 424/364/424 443/360/443 
f 415/405/415 413/329/413 424/406/424 
f 413/322/413 410/368/410 424/365/424 
f 390/369/390 406/372/406 444/371/444 445/407/445 
f 390/373/390 445/375/445 391/374/391 
f 391/374/391 445/376/445 393/11/393 
f 411/377/411 393/7/393 445/378/445 
f 446/379/446 411/377/411 445/378/445 444/371/444 
f 411/384/411 447/386/447 409/385/409 
f 447/386/447 399/11/399 409/388/409 
f 399/299/399 448/408/448 406/309/406 400/394/400 
f 447/409/447 448/391/448 399/410/399 
f 402/393/402 406/372/406 390/369/390 
f 406/372/406 448/390/448 446/379/446 444/371/444 
f 411/384/411 446/379/446 448/390/448 447/387/447 
usemtl 08___Default
f 449/411/449 450/412/450 451/413/451 452/414/452 
f 453/415/453 449/411/449 452/414/452 454/416/454 
f 455/417/455 456/418/456 457/419/457 458/420/458 
f 456/418/456 455/417/455 459/421/459 
s 3
f 460/422/460 461/423/461 462/424/462 
s 1
f 463/425/463 464/426/464 465/427/465 
f 463/425/463 466/428/466 467/429/467 
f 460/422/460 468/430/468 451/413/451 
f 469/431/469 457/419/457 456/418/456 
f 465/427/465 470/432/470 471/433/471 472/434/472 
f 457/419/457 469/431/469 473/435/473 
f 474/436/474 459/421/459 475/437/475 472/434/472 
f 452/414/452 451/413/451 468/430/468 
s 3
f 462/424/462 461/423/461 473/435/473 
s 1
f 453/415/453 476/438/476 467/429/467 466/428/466 
f 472/434/472 471/433/471 474/436/474 
f 454/416/454 476/438/476 453/415/453 
f 452/414/452 477/439/477 478/440/478 
f 478/440/478 454/416/454 452/414/452 
f 477/439/477 452/414/452 468/430/468 
s 3
f 468/430/468 460/422/460 462/424/462 
s 1
f 479/441/479 480/442/480 456/418/456 459/421/459 
f 469/431/469 456/418/456 480/442/480 
s 3
f 462/424/462 473/435/473 469/431/469 
s 1
f 465/427/465 464/426/464 470/432/470 
s 7
f 468/430/468 462/424/462 481/443/481 
s 1
f 478/440/478 477/439/477 482/444/482 
s 9
f 481/443/481 482/444/482 477/439/477 468/430/468 
s 3
f 478/440/478 483/445/483 484/446/484 
s 1
f 463/425/463 485/447/485 486/448/486 464/426/464 
f 485/447/485 463/425/463 467/429/467 487/449/487 
s 3
f 487/449/487 467/429/467 476/438/476 
s 11
f 481/443/481 462/424/462 469/431/469 
s 1
f 488/450/488 480/442/480 479/441/479 
s 5
f 481/443/481 469/431/469 480/442/480 488/450/488 
s 3
f 489/451/489 490/452/490 479/441/479 
s 1
f 470/432/470 491/453/491 471/433/471 
f 491/453/491 489/451/489 474/436/474 471/433/471 
s 3
f 459/421/459 474/436/474 489/451/489 479/441/479 
s 1
f 451/413/451 450/412/450 460/422/460 
f 473/435/473 458/420/458 457/419/457 
s 3
f 454/416/454 478/440/478 484/446/484 487/449/487 
f 454/416/454 487/449/487 476/438/476 
s 17
f 482/444/482 481/443/481 492/454/492 
s 3
f 478/440/478 482/444/482 483/445/483 
s 33
f 488/450/488 492/454/492 481/443/481 
s 3
f 479/441/479 490/452/490 488/450/488 
s 1
f 464/426/464 486/448/486 470/432/470 
s 15
f 493/455/493 494/456/494 495/457/495 496/458/496 
f 493/455/493 496/458/496 497/459/497 
s 1
f 496/458/496 498/460/498 499/461/499 500/462/500 
f 499/461/499 501/463/501 500/462/500 
f 500/462/500 502/464/502 497/459/497 496/458/496 
f 499/461/499 498/460/498 503/465/503 504/466/504 
f 499/461/499 504/466/504 505/467/505 501/463/501 
f 506/468/506 507/469/507 504/466/504 503/465/503 
f 508/470/508 509/471/509 510/472/510 511/473/511 
f 512/474/512 513/475/513 494/456/494 
f 494/456/494 493/455/493 514/476/514 512/474/512 
f 501/463/501 505/467/505 515/477/515 516/478/516 
f 517/479/517 518/480/518 519/481/519 
f 517/479/517 520/482/520 518/480/518 
f 521/483/521 520/482/520 517/479/517 
f 519/481/519 522/484/522 523/485/523 521/483/521 
f 522/484/522 524/486/524 523/485/523 
f 524/486/524 516/478/516 523/485/523 
s 3
f 525/487/525 526/488/526 527/489/527 
s 127
f 527/489/527 528/490/528 513/475/513 512/474/512 
s 5
f 512/474/512 514/476/514 529/491/529 530/492/530 
f 527/489/527 512/474/512 530/492/530 531/493/531 
f 527/489/527 531/493/531 532/494/532 
s 1
f 533/495/533 504/466/504 507/469/507 
f 532/494/532 534/496/534 525/487/525 
f 531/493/531 534/496/534 532/494/532 
f 516/478/516 524/486/524 535/497/535 
f 501/463/501 516/478/516 500/462/500 
f 502/464/502 536/498/536 497/459/497 
f 524/486/524 522/484/522 537/499/537 
s 31
f 518/480/518 538/500/538 539/501/539 540/502/540 
f 539/501/539 541/503/541 542/504/542 540/502/540 
f 540/502/540 543/505/543 544/506/544 537/499/537 
f 544/506/544 545/507/545 537/499/537 
f 518/480/518 540/502/540 537/499/537 519/481/519 
f 522/484/522 519/481/519 537/499/537 
s 1
f 523/485/523 546/508/546 547/509/547 521/483/521 
f 519/481/519 521/483/521 517/479/517 
f 511/473/511 510/472/510 548/510/548 
f 549/511/549 550/512/550 551/513/551 
s 63
f 552/514/552 553/515/553 554/516/554 555/517/555 
f 554/516/554 556/518/556 557/519/557 558/520/558 
f 557/519/557 559/521/559 560/522/560 558/520/558 
f 555/517/555 554/516/554 558/520/558 561/523/561 
s 3
f 562/524/562 563/525/563 564/526/564 
s 5
f 562/524/562 565/527/565 566/528/566 563/525/563 
s 1
f 566/528/566 565/527/565 567/529/567 568/530/568 
f 568/530/568 567/529/567 569/531/569 570/532/570 
f 568/530/568 570/532/570 571/533/571 559/521/559 
f 571/533/571 560/522/560 559/521/559 
f 553/515/553 572/534/572 573/535/573 554/516/554 
f 573/535/573 572/534/572 574/536/574 575/537/575 
f 575/537/575 574/536/574 576/538/576 577/539/577 
f 578/540/578 579/541/579 580/542/580 581/543/581 
s 3
f 581/543/581 555/517/555 561/523/561 582/544/582 
s 1
f 583/545/583 584/546/584 585/547/585 586/548/586 
f 586/548/586 585/547/585 587/549/587 580/542/580 
f 586/548/586 580/542/580 579/541/579 
f 584/546/584 588/550/588 541/503/541 585/547/585 
f 541/503/541 588/550/588 542/504/542 
f 541/503/541 589/551/589 590/552/590 
f 538/500/538 591/553/591 589/551/589 539/501/539 
f 589/551/589 591/553/591 590/552/590 
s 3
f 538/500/538 518/480/518 520/482/520 591/553/591 
s 1
f 591/553/591 520/482/520 521/483/521 590/552/590 
f 590/552/590 521/483/521 592/554/592 
f 584/546/584 583/545/583 593/555/593 
s 5
f 594/556/594 595/557/595 574/536/574 572/534/572 
f 595/557/595 596/558/596 576/538/576 574/536/574 
s 1
f 560/522/560 571/533/571 582/544/582 
f 579/541/579 578/540/578 586/548/586 
f 586/548/586 570/532/570 569/531/569 
f 586/548/586 571/533/571 570/532/570 
f 571/533/571 586/548/586 578/540/578 
f 578/540/578 581/543/581 571/533/571 
f 540/502/540 542/504/542 597/559/597 
f 598/560/598 510/472/510 509/471/509 
f 599/561/599 548/510/548 510/472/510 598/560/598 
f 534/496/534 598/560/598 509/471/509 
f 550/512/550 536/498/536 551/513/551 
s 13
f 567/529/567 565/527/565 562/524/562 600/562/600 
f 562/524/562 564/526/564 600/562/600 
f 556/518/556 554/516/554 573/535/573 600/562/600 
f 567/529/567 600/562/600 573/535/573 601/563/601 
f 573/535/573 575/537/575 577/539/577 576/538/576 
f 596/558/596 602/564/602 601/563/601 576/538/576 
f 573/535/573 576/538/576 601/563/601 
f 567/529/567 601/563/601 603/565/603 
s 1
f 604/566/604 605/567/605 549/511/549 551/513/551 
f 567/529/567 603/565/603 606/568/606 
f 607/569/607 495/457/495 494/456/494 
f 493/455/493 497/459/497 536/498/536 
s 9
f 608/570/608 582/544/582 561/523/561 558/520/558 
s 3
f 560/522/560 582/544/582 608/570/608 
s 5
f 608/570/608 558/520/558 560/522/560 
s 1
f 609/571/609 610/572/610 611/573/611 
f 525/487/525 527/489/527 532/494/532 
f 555/517/555 581/543/581 580/542/580 
f 511/473/511 548/510/548 610/572/610 508/470/508 
f 612/574/612 599/561/599 598/560/598 534/496/534 
f 593/555/593 597/559/597 588/550/588 584/546/584 
f 588/550/588 597/559/597 542/504/542 
f 602/564/602 613/575/613 614/576/614 
f 602/564/602 596/558/596 595/557/595 
f 614/576/614 601/563/601 602/564/602 
f 602/564/602 594/556/594 611/573/611 613/575/613 
f 594/556/594 602/564/602 595/557/595 
f 605/567/605 531/493/531 530/492/530 
f 530/492/530 529/491/529 605/567/605 
f 611/573/611 610/572/610 613/575/613 
f 612/574/612 534/496/534 531/493/531 
f 610/572/610 615/577/615 613/575/613 
f 616/578/616 529/491/529 514/476/514 617/579/617 
f 550/512/550 616/578/616 617/579/617 
f 617/579/617 514/476/514 493/455/493 536/498/536 
f 529/491/529 616/578/616 549/511/549 
f 550/512/550 549/511/549 616/578/616 
f 551/513/551 536/498/536 618/580/618 535/497/535 
f 601/563/601 614/576/614 603/565/603 
f 549/511/549 605/567/605 529/491/529 
f 618/580/618 502/464/502 500/462/500 
f 586/548/586 569/531/569 606/568/606 
f 569/531/569 567/529/567 606/568/606 
f 535/497/535 618/580/618 500/462/500 
f 535/497/535 500/462/500 516/478/516 
f 603/565/603 614/576/614 619/581/619 606/568/606 
f 551/513/551 535/497/535 604/566/604 
f 590/552/590 620/582/620 541/503/541 
f 606/568/606 593/555/593 583/545/583 
f 508/470/508 621/583/621 622/584/622 
f 609/571/609 621/583/621 508/470/508 
f 508/470/508 622/584/622 509/471/509 
f 516/478/516 515/477/515 546/508/546 
f 609/571/609 508/470/508 610/572/610 
s 7
f 552/514/552 623/585/623 624/586/624 625/587/625 
f 624/586/624 626/588/626 625/587/625 
f 611/573/611 594/556/594 572/534/572 625/587/625 
f 552/514/552 625/587/625 572/534/572 553/515/553 
s 1
f 627/589/627 628/590/628 629/591/629 
f 534/496/534 630/592/630 525/487/525 
f 631/593/631 525/487/525 630/592/630 
f 609/571/609 625/587/625 626/588/626 621/583/621 
f 626/588/626 624/586/624 632/594/632 585/547/585 
f 626/588/626 585/547/585 633/595/633 621/583/621 
f 634/596/634 635/597/635 631/593/631 630/592/630 
f 534/496/534 509/471/509 630/592/630 
f 631/593/631 628/590/628 627/589/627 525/487/525 
f 636/598/636 637/599/637 634/596/634 
f 528/490/528 627/589/627 629/591/629 
f 627/589/627 528/490/528 526/488/526 525/487/525 
f 636/598/636 622/584/622 638/600/638 547/509/547 
f 632/594/632 623/585/623 587/549/587 
f 552/514/552 639/601/639 587/549/587 623/585/623 
f 585/547/585 632/594/632 587/549/587 
f 587/549/587 639/601/639 580/542/580 
f 640/602/640 528/490/528 629/591/629 
f 622/584/622 636/598/636 641/603/641 
f 547/509/547 546/508/546 637/599/637 
f 509/471/509 641/603/641 630/592/630 
f 640/602/640 642/604/642 643/605/643 515/477/515 
f 515/477/515 643/605/643 637/599/637 
f 620/582/620 633/595/633 585/547/585 
f 637/599/637 636/598/636 547/509/547 
f 643/605/643 635/597/635 637/599/637 
f 639/601/639 552/514/552 555/517/555 580/542/580 
f 546/508/546 515/477/515 637/599/637 
f 592/554/592 547/509/547 638/600/638 
f 633/595/633 592/554/592 638/600/638 
f 633/595/633 620/582/620 592/554/592 
f 635/597/635 634/596/634 637/599/637 
f 631/593/631 643/605/643 642/604/642 628/590/628 
f 635/597/635 643/605/643 631/593/631 
f 638/600/638 622/584/622 633/595/633 
f 640/602/640 629/591/629 642/604/642 
f 641/603/641 634/596/634 630/592/630 
f 523/485/523 516/478/516 546/508/546 
f 460/422/460 644/606/644 645/607/645 461/423/461 
f 645/607/645 646/608/646 458/420/458 473/435/473 
f 645/607/645 473/435/473 461/423/461 
usemtl 13___Defaultcv
f 647/609/647 648/610/648 649/611/649 650/612/650 
f 651/613/651 652/614/652 653/615/653 654/616/654 
f 655/617/655 656/618/656 657/619/657 658/620/658 
f 650/612/650 649/611/649 659/621/659 658/620/658 
usemtl 08___Default
f 659/621/659 524/486/524 658/620/658 
f 652/614/652 524/486/524 659/621/659 
usemtl 13___Defaultcv
f 649/611/649 653/615/653 652/614/652 659/621/659 
f 648/610/648 647/609/647 660/622/660 661/623/661 
s 3
f 661/623/661 662/624/662 653/615/653 648/610/648 
usemtl 08___Default
f 663/625/663 664/626/664 654/616/654 
usemtl 13___Defaultcv
s 1
f 647/609/647 657/619/657 660/622/660 
usemtl 08___Default
f 665/627/665 524/486/524 652/614/652 651/613/651 
usemtl 13___Defaultcv
f 653/615/653 649/611/649 648/610/648 
f 663/625/663 654/616/654 653/615/653 
f 650/612/650 657/619/657 647/609/647 
f 657/619/657 650/612/650 658/620/658 
usemtl 08___Default
f 524/486/524 537/499/537 658/620/658 
f 537/499/537 545/507/545 658/620/658 
f 544/506/544 655/617/655 658/620/658 545/507/545 
usemtl 13___Defaultcv
s 5
f 664/626/664 666/628/666 667/629/667 654/616/654 
f 668/630/668 669/631/669 670/632/670 671/633/671 
usemtl 08___Default
s 1
f 672/634/672 673/635/673 674/636/674 675/637/675 
f 676/638/676 677/639/677 675/637/675 674/636/674 
f 678/640/678 679/641/679 680/642/680 
f 681/643/681 682/644/682 680/642/680 
f 683/645/683 680/642/680 679/641/679 
usemtl 13___Defaultcv
f 668/630/668 682/644/682 684/646/684 
usemtl 08___Default
f 680/642/680 682/644/682 685/647/685 686/648/686 
f 680/642/680 686/648/686 678/640/678 
s 9
f 687/649/687 665/627/665 651/613/651 
usemtl 13___Defaultcv
s 5
f 668/630/668 684/646/684 688/650/688 669/631/669 
s 1
f 682/644/682 668/630/668 671/633/671 685/647/685 
usemtl 08___Default
f 679/641/679 678/640/678 689/651/689 676/638/676 
usemtl 13___Defaultcv
f 681/643/681 684/646/684 682/644/682 
usemtl 08___Default
f 665/627/665 687/649/687 690/652/690 
usemtl 13___Defaultcv
s 5
f 667/629/667 666/628/666 688/650/688 684/646/684 
f 691/653/691 667/629/667 684/646/684 
s 1
f 691/653/691 684/646/684 681/643/681 
s 13
f 692/654/692 693/655/693 666/628/666 664/626/664 
usemtl 08___Default
s 5
f 670/632/670 669/631/669 694/656/694 695/657/695 
usemtl 13___Defaultcv
f 669/631/669 688/650/688 693/655/693 694/656/694 
f 688/650/688 666/628/666 693/655/693 
usemtl 08___Default
s 1
f 681/643/681 680/642/680 683/645/683 696/658/696 
f 683/645/683 679/641/679 676/638/676 674/636/674 
f 450/412/450 449/411/449 697/659/697 
s 9
f 664/626/664 663/625/663 698/660/698 692/654/692 
s 1
f 699/661/699 673/635/673 672/634/672 
f 665/627/665 690/652/690 673/635/673 
f 676/638/676 689/651/689 700/662/700 677/639/677 
f 701/663/701 702/664/702 703/665/703 548/510/548 
f 665/627/665 699/661/699 524/486/524 
f 466/428/466 704/666/704 453/415/453 
usemtl 13___Defaultcv
f 705/667/705 706/668/706 657/619/657 
f 707/669/707 708/670/708 709/671/709 710/672/710 
f 657/619/657 656/618/656 711/673/711 705/667/705 
usemtl 08___Default
f 656/618/656 597/559/597 711/673/711 
f 711/673/711 597/559/597 710/672/710 
usemtl 13___Defaultcv
f 705/667/705 711/673/711 710/672/710 709/671/709 
f 706/668/706 712/674/712 660/622/660 657/619/657 
s 3
f 712/674/712 706/668/706 709/671/709 713/675/713 
usemtl 08___Default
f 708/670/708 714/676/714 715/677/715 
s 1
f 710/672/710 597/559/597 716/678/716 707/669/707 
f 706/668/706 705/667/705 709/671/709 
usemtl 13___Defaultcv
s 11
f 717/679/717 713/675/713 709/671/709 715/677/715 
usemtl 08___Default
s 1
f 656/618/656 540/502/540 597/559/597 
f 656/618/656 543/505/543 540/502/540 
f 544/506/544 543/505/543 656/618/656 655/617/655 
s 5
f 718/680/718 719/681/719 708/670/708 707/669/707 
usemtl 13___Defaultcv
f 720/682/720 671/633/671 670/632/670 695/657/695 
usemtl 08___Default
s 1
f 721/683/721 722/684/722 723/685/723 724/686/724 
f 725/687/725 723/685/723 722/684/722 726/688/726 
f 727/689/727 728/690/728 729/691/729 
f 730/692/730 724/686/724 723/685/723 
f 728/690/728 727/689/727 723/685/723 
usemtl 13___Defaultcv
f 720/682/720 731/693/731 732/694/732 
usemtl 08___Default
f 678/640/678 686/648/686 727/689/727 729/691/729 
s 9
f 707/669/707 716/678/716 733/695/733 
s 1
f 707/669/707 733/695/733 718/680/718 
usemtl 13___Defaultcv
s 5
f 720/682/720 695/657/695 734/696/734 731/693/731 
s 1
f 732/694/732 685/647/685 671/633/671 720/682/720 
usemtl 08___Default
f 728/690/728 725/687/725 735/697/735 729/691/729 
f 689/651/689 678/640/678 729/691/729 735/697/735 
f 733/695/733 736/698/736 737/699/737 718/680/718 
f 736/698/736 733/695/733 716/678/716 
usemtl 13___Defaultcv
s 5
f 719/681/719 731/693/731 734/696/734 738/700/738 
f 718/680/718 732/694/732 731/693/731 719/681/719 
f 695/657/695 694/656/694 739/701/739 734/696/734 
f 739/701/739 738/700/738 734/696/734 
usemtl 08___Default
s 1
f 723/685/723 727/689/727 737/699/737 
f 725/687/725 728/690/728 723/685/723 
f 740/702/740 741/703/741 724/686/724 730/692/730 
s 9
f 714/676/714 742/704/742 717/679/717 715/677/715 
s 1
f 597/559/597 593/555/593 740/702/740 716/678/716 
f 721/683/721 724/686/724 741/703/741 
f 716/678/716 740/702/740 730/692/730 736/698/736 
f 730/692/730 723/685/723 736/698/736 
f 725/687/725 726/688/726 743/705/743 735/697/735 
f 735/697/735 743/705/743 700/662/700 689/651/689 
f 703/665/703 744/706/744 615/577/615 548/510/548 
f 741/703/741 740/702/740 593/555/593 
f 475/437/475 745/707/745 472/434/472 
f 645/607/645 743/705/743 726/688/726 
f 743/705/743 645/607/645 700/662/700 
f 746/708/746 747/709/747 604/566/604 
f 700/662/700 645/607/645 677/639/677 
f 691/653/691 687/649/687 651/613/651 
s 5
f 714/676/714 708/670/708 719/681/719 738/700/738 
usemtl 13___Defaultcv
f 691/653/691 651/613/651 654/616/654 667/629/667 
usemtl 08___Default
s 13
f 742/704/742 714/676/714 738/700/738 739/701/739 
s 1
f 685/647/685 732/694/732 727/689/727 686/648/686 
f 732/694/732 718/680/718 737/699/737 727/689/727 
f 681/643/681 696/658/696 691/653/691 
usemtl 13___Defaultcv
s 11
f 698/660/698 663/625/663 653/615/653 662/624/662 
usemtl 08___Default
s 1
f 709/671/709 708/670/708 715/677/715 
f 460/422/460 450/412/450 644/606/644 
f 690/652/690 696/658/696 683/645/683 673/635/673 
f 674/636/674 673/635/673 683/645/683 
f 723/685/723 737/699/737 736/698/736 
f 696/658/696 690/652/690 687/649/687 691/653/691 
f 748/710/748 619/581/619 614/576/614 
f 615/577/615 610/572/610 548/510/548 
f 548/510/548 612/574/612 701/663/701 
f 612/574/612 605/567/605 701/663/701 
f 747/709/747 605/567/605 604/566/604 
f 748/710/748 614/576/614 615/577/615 
f 613/575/613 615/577/615 614/576/614 
s 255
f 704/666/704 747/709/747 746/708/746 749/711/749 
f 604/566/604 675/637/675 746/708/746 
f 453/415/453 704/666/704 749/711/749 
f 748/710/748 750/712/750 745/707/745 619/581/619 
f 745/707/745 475/437/475 751/713/751 752/714/752 
f 745/707/745 752/714/752 619/581/619 
s 1
f 453/415/453 697/659/697 449/411/449 
f 749/711/749 697/659/697 453/415/453 
f 472/434/472 753/715/753 465/427/465 
f 753/715/753 466/428/466 465/427/465 
f 455/417/455 751/713/751 475/437/475 459/421/459 
f 465/427/465 466/428/466 463/425/463 
f 754/716/754 751/713/751 455/417/455 458/420/458 
f 619/581/619 741/703/741 606/568/606 
f 751/713/751 754/716/754 646/608/646 726/688/726 
f 751/713/751 726/688/726 752/714/752 
f 619/581/619 752/714/752 722/684/722 741/703/741 
f 721/683/721 741/703/741 722/684/722 
f 752/714/752 726/688/726 722/684/722 
f 675/637/675 644/606/644 697/659/697 
f 675/637/675 749/711/749 746/708/746 
f 604/566/604 672/634/672 675/637/675 
f 672/634/672 604/566/604 699/661/699 
f 675/637/675 677/639/677 644/606/644 
f 535/497/535 524/486/524 699/661/699 
f 741/703/741 593/555/593 606/568/606 
f 644/606/644 677/639/677 645/607/645 
f 646/608/646 645/607/645 726/688/726 
f 620/582/620 585/547/585 541/503/541 
f 536/498/536 502/464/502 618/580/618 
s 127
f 507/469/507 506/468/506 755/717/755 533/495/533 
f 755/717/755 756/718/756 757/719/757 607/569/607 
f 533/495/533 755/717/755 607/569/607 528/490/528 
f 607/569/607 494/456/494 513/475/513 528/490/528 
f 527/489/527 526/488/526 528/490/528 
f 533/495/533 528/490/528 640/602/640 515/477/515 
f 504/466/504 533/495/533 515/477/515 505/467/505 
s 1
f 541/503/541 539/501/539 589/551/589 
f 571/533/571 581/543/581 582/544/582 
f 625/587/625 609/571/609 611/573/611 
f 536/498/536 550/512/550 617/579/617 
f 606/568/606 583/545/583 586/548/586 
f 641/603/641 509/471/509 622/584/622 
f 621/583/621 633/595/633 622/584/622 
f 641/603/641 636/598/636 634/596/634 
f 629/591/629 628/590/628 642/604/642 
f 521/483/521 547/509/547 592/554/592 
f 592/554/592 620/582/620 590/552/590 
f 632/594/632 624/586/624 623/585/623 
f 548/510/548 599/561/599 612/574/612 
f 697/659/697 644/606/644 450/412/450 
f 646/608/646 754/716/754 458/420/458 
f 612/574/612 531/493/531 605/567/605 
f 605/567/605 747/709/747 701/663/701 
f 699/661/699 665/627/665 673/635/673 
f 615/577/615 744/706/744 748/710/748 
f 699/661/699 604/566/604 535/497/535 
f 749/711/749 675/637/675 697/659/697 
usemtl 20___Default
s 8
f 758/720/758 759/721/759 760/722/760 
f 759/723/759 761/724/761 760/42/760 
f 761/725/761 762/726/762 760/727/760 
f 760/728/760 763/729/763 764/730/764 
f 760/731/760 764/732/764 765/733/765 
f 758/734/758 760/735/760 765/736/765 766/737/766 
f 767/738/767 768/739/768 769/740/769 770/741/770 
f 767/742/767 759/743/759 758/720/758 
f 768/744/768 767/742/767 758/745/758 
f 759/746/759 767/738/767 770/741/770 
f 759/747/759 770/748/770 761/749/761 
f 771/750/771 761/749/761 770/748/770 
f 761/751/761 771/752/771 772/753/772 773/754/773 
f 762/755/762 761/751/761 773/754/773 
f 774/756/774 762/757/762 773/758/773 775/759/775 
f 763/760/763 760/761/760 762/762/762 774/763/774 
f 776/764/776 764/765/764 777/766/777 778/767/778 
f 776/768/776 779/769/779 764/770/764 
f 780/771/780 765/772/765 781/773/781 782/774/782 
f 775/775/775 773/758/773 783/776/783 
f 772/753/772 783/776/783 773/758/773 
f 783/776/783 772/777/772 784/778/784 
f 785/779/785 786/780/786 787/781/787 
f 777/782/777 786/783/786 778/784/778 
f 788/785/788 789/786/789 768/786/768 
f 789/786/789 790/787/790 769/787/769 768/786/768 
f 790/787/790 791/788/791 769/788/769 
f 791/788/791 792/789/792 770/789/770 769/788/769 
f 792/789/792 793/790/793 771/790/771 770/789/770 
f 793/790/793 794/791/794 771/791/771 
f 772/792/772 771/793/771 795/794/795 796/795/796 
f 794/791/794 797/794/797 795/794/795 771/791/771 
f 797/794/797 798/796/798 795/796/795 
f 799/797/799 800/798/800 776/798/776 778/797/778 
f 801/799/801 776/798/776 800/798/800 
f 779/800/779 776/801/776 801/799/801 802/802/802 
f 803/803/803 779/804/779 802/805/802 
f 804/806/804 805/807/805 780/808/780 
f 806/809/806 780/808/780 805/807/805 
f 807/810/807 808/811/808 809/811/809 
f 798/796/798 810/812/810 795/812/795 
f 810/812/810 811/813/811 796/814/796 795/812/795 
f 812/815/812 813/816/813 814/817/814 
f 815/818/815 814/817/814 813/816/813 
f 816/819/816 817/820/817 787/820/787 775/819/775 
f 785/821/785 787/820/787 817/820/817 
f 778/784/778 786/783/786 818/822/818 799/784/799 
f 785/821/785 818/822/818 786/783/786 
f 806/823/806 819/824/819 768/825/768 
f 819/824/819 788/785/788 768/826/768 
f 820/827/820 780/828/780 806/809/806 768/825/768 
f 780/828/780 820/827/820 821/829/821 
f 820/827/820 768/830/768 766/831/766 821/829/821 
f 765/832/765 780/833/780 821/829/821 766/831/766 
f 766/831/766 768/830/768 758/745/758 
f 808/834/808 807/810/807 781/810/781 
f 782/835/782 781/810/781 807/810/807 822/836/822 
f 781/837/781 823/838/823 824/839/824 
f 809/811/809 808/811/808 781/839/781 824/839/824 
f 804/806/804 780/840/780 782/841/782 825/841/825 
f 825/841/825 782/841/782 822/835/822 
f 803/803/803 826/842/826 827/843/827 779/844/779 
f 826/845/826 823/838/823 781/837/781 827/846/827 
f 827/843/827 781/773/781 765/772/765 779/847/779 
f 764/848/764 779/847/779 765/849/765 
f 763/850/763 777/766/777 764/765/764 
f 774/851/774 786/852/786 777/853/777 763/854/763 
f 774/855/774 787/856/787 786/852/786 
f 774/756/774 775/857/775 787/856/787 
f 828/858/828 829/859/829 830/860/830 
f 828/861/828 816/819/816 775/819/775 783/862/783 
f 783/863/783 784/778/784 829/859/829 828/858/828 
f 772/816/772 831/818/831 813/864/813 
f 813/816/813 812/815/812 784/865/784 772/816/772 
f 796/866/796 831/818/831 772/867/772 
f 796/866/796 811/818/811 815/868/815 
f 815/818/815 813/864/813 831/818/831 796/866/796 
f 832/869/832 830/860/830 812/870/812 
f 832/869/832 812/870/812 814/871/814 
f 814/869/814 815/868/815 811/818/811 832/869/832 
f 829/872/829 812/870/812 830/860/830 
f 829/872/829 784/865/784 812/815/812 
usemtl 14___Default
s 1
f 833/873/833 834/874/834 835/8/835 836/875/836 
f 836/875/836 835/8/835 837/876/837 838/877/838 
f 838/877/838 837/876/837 839/878/839 
f 840/223/840 841/879/841 842/880/842 843/881/843 
f 843/881/843 842/880/842 844/882/844 834/874/834 
f 834/874/834 844/882/844 845/376/845 835/8/835 
f 835/8/835 845/376/845 846/883/846 837/876/837 
f 837/876/837 846/883/846 847/884/847 839/878/839 
f 841/879/841 848/885/848 849/886/849 842/880/842 
f 842/880/842 849/886/849 850/887/850 844/882/844 
f 844/882/844 850/887/850 851/888/851 845/376/845 
f 845/376/845 851/888/851 852/889/852 846/883/846 
f 846/883/846 852/889/852 853/890/853 847/884/847 
usemtl 22___Default
f 854/891/854 855/892/855 856/725/856 
f 854/893/854 857/894/857 858/895/858 855/896/855 
f 855/896/855 858/895/858 859/897/859 
f 855/892/855 859/898/859 860/899/860 856/725/856 
f 856/900/856 857/901/857 854/902/854 
s 2
f 857/903/861 859/787/862 858/904/861 
f 857/905/861 860/791/862 859/906/862 
f 857/907/861 856/908/861 860/909/862 
usemtl 21___Default
s 1
f 861/910/863 862/911/863 863/912/864 864/913/864 
f 864/913/864 863/912/864 865/914/865 866/915/865 
f 866/915/865 865/914/865 867/916/866 868/917/866 
f 868/917/866 867/916/866 869/918/867 870/893/868 
f 870/893/868 869/918/867 871/895/869 872/896/869 
f 872/896/869 871/895/869 873/897/870 874/919/870 
f 874/919/870 873/897/870 875/920/871 876/921/871 
f 876/921/871 875/920/871 877/922/872 878/723/872 
f 878/723/872 877/922/872 879/923/873 880/924/873 
f 880/924/873 879/923/873 881/925/874 882/892/874 
f 882/892/874 881/925/874 883/899/875 884/725/875 
f 884/725/875 883/899/875 885/926/876 886/927/876 
f 886/927/876 885/926/876 887/928/877 888/929/877 
f 888/929/877 887/928/877 889/930/878 
f 889/930/878 890/931/878 862/932/863 861/933/863 
f 887/928/877 890/931/878 889/930/878 
usemtl 14___Default
f 891/873/879 892/875/880 893/8/881 894/874/882 
f 892/875/880 895/877/883 896/876/884 893/8/881 
f 895/877/883 897/878/885 896/876/884 
f 898/223/886 899/881/887 900/880/888 901/879/889 
f 899/881/887 894/874/882 902/882/890 900/880/888 
f 894/874/882 893/8/881 903/376/891 902/882/890 
f 893/8/881 896/876/884 904/883/892 903/376/891 
f 896/876/884 897/878/885 905/884/893 904/883/892 
f 901/879/889 900/880/888 906/886/894 907/885/895 
f 900/880/888 902/882/890 908/887/896 906/886/894 
f 902/882/890 903/376/891 909/888/897 908/887/896 
f 903/376/891 904/883/892 910/889/898 909/888/897 
f 904/883/892 905/884/893 911/890/899 910/889/898 
usemtl 21___Default
f 912/910/900 913/913/901 914/912/902 915/911/903 
f 913/913/901 916/915/904 917/914/905 914/912/902 
f 916/915/904 918/917/906 919/916/907 917/914/905 
f 918/917/906 920/893/908 921/918/909 919/916/907 
f 920/893/908 922/896/910 923/895/910 921/918/909 
f 922/896/910 924/919/911 925/897/911 923/895/910 
f 924/919/911 926/921/912 927/920/913 925/897/911 
f 926/921/912 928/723/914 929/922/914 927/920/913 
f 928/723/914 930/924/915 931/923/915 929/922/914 
f 930/924/915 932/892/916 933/925/916 931/923/915 
f 932/892/916 934/725/917 935/899/918 933/925/916 
f 934/725/917 936/927/919 937/926/920 935/899/918 
f 936/927/919 938/929/921 939/928/922 937/926/920 
f 938/929/921 940/900/923 941/930/924 939/928/922 
f 940/900/923 912/902/900 915/901/903 941/930/924 
usemtl 22___Default
f 942/934/925 943/917/926 944/915/927 
f 942/935/925 945/919/928 943/896/926 
f 942/936/925 946/924/929 945/723/928 
f 942/937/925 947/927/930 946/725/929 
f 942/938/925 944/902/927 947/900/930 
f 944/910/927 948/912/931 949/911/932 
f 944/913/927 950/914/933 948/912/931 
f 944/915/927 943/917/926 951/916/934 950/914/933 
f 943/917/926 952/918/935 951/916/934 
f 943/893/926 953/895/936 952/918/935 
f 943/896/926 945/919/928 954/897/937 953/895/936 
f 945/919/928 955/920/913 954/897/937 
f 945/921/928 956/922/938 955/920/913 
f 945/723/928 946/924/929 957/923/939 956/922/938 
f 946/924/929 958/925/916 957/923/939 
f 946/892/929 959/899/940 958/925/916 
f 946/725/929 947/927/930 960/926/941 959/899/940 
f 947/927/930 961/928/942 960/926/941 
f 947/929/930 962/930/943 961/928/942 
f 947/900/930 944/902/927 949/901/932 962/930/943 
s 2
f 948/939/944 950/940/945 951/941/944 
f 948/942/944 951/941/944 952/943/944 
f 948/944/944 952/943/944 953/904/945 
f 948/903/944 953/904/945 954/787/945 
f 948/945/944 954/787/945 955/946/945 
f 948/947/944 955/946/945 956/906/945 
f 948/905/944 956/906/945 957/791/945 
f 948/948/944 957/791/945 958/949/945 
f 948/950/944 958/949/945 959/909/945 
f 948/907/944 959/909/945 960/908/945 
f 948/951/944 960/908/945 961/952/944 
f 948/953/944 961/952/944 962/931/944 
f 948/954/944 962/931/944 949/932/944 
usemtl 08___Defaultvb
s 1
f 963/955/946 964/956/947 965/89/948 966/9/949 
f 966/957/949 967/958/950 963/13/946 
f 968/52/951 963/13/946 967/958/950 
f 969/48/952 970/959/953 971/960/954 
f 968/961/951 969/48/952 971/51/954 
f 972/93/955 973/962/956 974/9/957 975/12/958 
f 975/12/958 974/9/957 976/963/959 
f 977/49/960 978/26/961 979/11/962 
f 977/49/960 980/16/963 973/37/956 
f 973/42/956 972/32/955 978/26/961 977/49/960 
f 981/218/964 982/964/965 983/965/966 
f 980/26/963 984/966/967 974/967/957 973/32/956 
f 984/968/967 963/223/946 974/188/957 
f 974/317/957 963/49/946 976/42/959 
f 981/969/964 976/970/959 963/224/946 982/971/965 
f 985/32/968 986/972/969 987/351/970 988/32/971 
f 975/318/958 987/973/970 986/188/969 
f 975/8/958 966/974/949 989/314/972 
f 972/975/955 975/976/958 989/314/972 990/977/973 
f 966/221/949 991/965/974 990/295/973 989/44/972 
f 991/965/974 979/7/962 978/16/961 990/295/973 
f 990/295/973 978/16/961 972/37/955 
f 991/978/974 966/289/949 965/979/948 
f 979/5/962 991/978/974 965/980/948 
f 975/981/958 986/982/969 966/983/949 
f 967/219/950 966/983/949 986/982/969 
f 985/984/968 992/985/975 986/986/969 
f 967/219/950 986/986/969 992/985/975 
f 983/987/966 970/48/953 993/8/976 994/988/977 
f 985/7/968 993/8/976 970/48/953 995/989/978 
f 963/990/946 968/991/951 982/290/965 
f 984/992/967 980/1/963 964/993/947 
f 963/226/946 984/992/967 964/994/947 
f 977/2/960 979/2/962 965/995/948 
f 965/228/948 964/993/947 980/2/963 977/2/960 
f 996/996/979 997/8/980 976/8/959 
f 997/8/980 998/997/981 975/11/958 976/8/959 
f 981/349/964 996/44/979 976/42/959 
f 999/16/982 1000/15/983 981/349/964 
f 996/44/979 981/349/964 1000/15/983 
f 994/54/977 1001/60/984 983/350/966 
f 1001/60/984 999/16/982 981/59/964 983/350/966 
f 993/298/976 985/37/968 988/42/971 
f 993/42/976 988/42/971 1002/55/985 
f 1003/26/986 1004/56/987 987/351/970 
f 1004/56/987 1002/55/985 988/32/971 987/351/970 
f 998/997/981 1005/24/988 975/352/958 
f 1005/24/988 1003/26/986 987/51/970 975/352/958 
f 968/49/951 967/58/950 969/998/952 
f 992/985/975 985/984/968 995/54/978 
f 992/60/975 995/54/978 969/999/952 
f 967/58/950 992/60/975 969/59/952 
f 970/48/953 983/987/966 1006/55/989 
f 970/42/953 1006/55/989 971/960/954 
f 970/959/953 969/999/952 995/54/978 
f 983/987/966 982/1000/965 1007/56/990 1006/55/989 
f 968/61/951 1007/56/990 982/1000/965 
f 1007/56/990 968/61/951 971/1001/954 
f 1006/55/989 1007/56/990 971/51/954 
f 1008/955/991 1009/9/992 1010/89/993 1011/956/994 
f 1009/957/992 1012/13/995 1013/958/996 
f 1009/8/992 1008/990/991 1012/13/995 
f 1014/48/997 1015/960/998 1016/959/999 
f 1012/961/995 1015/51/998 1014/48/997 
f 1017/93/1000 1018/12/1001 1019/9/1002 1020/1002/1003 
f 1021/7/1004 1019/9/1002 1022/963/1005 
f 1018/12/1001 1022/963/1005 1019/9/1002 
f 1023/49/1006 1024/11/1007 1025/26/1008 
f 1023/49/1006 1020/37/1003 1026/16/1009 
f 1020/42/1003 1023/49/1006 1025/26/1008 1017/32/1000 
f 1027/218/1010 1028/965/1011 1029/964/1012 
f 1026/11/1009 1030/293/1013 1031/968/1014 
f 1031/968/1014 1030/188/1013 1008/223/991 
f 1019/967/1002 1030/293/1013 1026/26/1009 1020/32/1003 
f 1021/42/1004 1008/49/991 1030/317/1013 1019/1003/1002 
f 1027/1004/1010 1029/224/1012 1008/1005/991 1021/1006/1004 
f 1018/8/1001 1032/314/1015 1009/974/992 
f 1017/975/1000 1033/1007/1016 1032/314/1015 1018/976/1001 
f 1009/221/992 1032/44/1015 1033/295/1016 1034/965/1017 
f 1034/965/1017 1033/295/1016 1025/16/1008 1024/7/1007 
f 1033/295/1016 1017/37/1000 1025/16/1008 
f 1034/978/1017 1010/979/993 1009/289/992 
f 1024/5/1007 1010/980/993 1034/978/1017 
f 1018/981/1001 1009/983/992 1035/982/1018 
f 1013/219/996 1035/982/1018 1009/983/992 
f 1036/984/1019 1037/1008/1020 1035/986/1018 1038/985/1021 
f 1013/219/996 1038/985/1021 1035/986/1018 
f 1028/987/1011 1039/988/1022 1040/8/1023 1016/48/999 
f 1036/7/1019 1014/1009/997 1016/48/999 1040/8/1023 
f 1008/990/991 1029/290/1012 1012/991/995 
f 1031/992/1014 1011/993/994 1026/1/1009 
f 1008/226/991 1011/994/994 1031/992/1014 
f 1023/2/1006 1010/995/993 1024/2/1007 
f 1010/228/993 1023/2/1006 1026/2/1009 1011/993/994 
f 1022/963/1005 1041/7/1024 1021/7/1004 
f 1042/996/1025 1041/7/1024 1022/8/1005 1043/8/1026 
f 1043/8/1026 1022/8/1005 1018/11/1001 1044/997/1027 
f 1027/349/1010 1021/42/1004 1041/44/1024 
f 1045/16/1028 1027/349/1010 1046/15/1029 
f 1046/15/1029 1027/349/1010 1041/44/1024 1042/996/1025 
f 1039/54/1022 1028/350/1011 1047/60/1030 
f 1047/60/1030 1028/350/1011 1027/59/1010 1045/16/1028 
f 1040/298/1023 1037/42/1020 1036/37/1019 
f 1040/42/1023 1048/55/1031 1037/42/1020 
f 1049/26/1032 1035/351/1018 1050/56/1033 
f 1050/56/1033 1035/351/1018 1037/32/1020 1048/55/1031 
f 1044/997/1027 1018/352/1001 1051/24/1034 
f 1051/24/1034 1018/352/1001 1035/51/1018 1049/26/1032 
f 1012/49/995 1014/998/997 1013/58/996 
f 1038/60/1021 1014/999/997 1036/54/1019 
f 1013/58/996 1014/59/997 1038/60/1021 
f 1016/48/999 1052/55/1035 1028/987/1011 
f 1016/42/999 1015/960/998 1052/55/1035 
f 1028/987/1011 1052/55/1035 1053/56/1036 1029/1000/1012 
f 1012/61/995 1029/1000/1012 1053/56/1036 
f 1053/56/1036 1015/1001/998 1012/61/995 
f 1052/55/1035 1015/51/998 1053/56/1036 
# 528 polygons - 688 triangles

